date,port_rets,btc_rets,ret_diff,turnover,concentration,eq_curve_port,drawdown,ADAUSDT,BCHUSDT,BNBUSDT,EOSUSDT,ETHUSDT,LTCUSDT,TRXUSDT,XLMUSDT,XMRUSDT,XRPUSDT
2024-12-02,0.08129013316094172,-0.01383503122595442,0.09512516438689614,0.49999999999999994,0.2607648730472454,1.0812901331609417,0.0,0.27995117283074433,0.0,0.1601464815077669,0.0,0.0,0.0,0.27995117283074433,0.0,0.0,0.27995117283074433
2024-12-03,0.26797997462311285,9.463628261174861e-05,0.2678853383405011,0.012819975761778388,0.26405579522977135,1.3710542356056332,0.0,0.2842244980846705,0.0,0.14732650574598857,0.0,0.0,0.0,0.2842244980846705,0.0,0.0,0.2842244980846705
2024-12-04,-0.016577375915462086,0.028561699051921963,-0.04513907496738405,0.4315510038306591,0.269190001064142,1.3483257541415121,-0.016577375915462045,0.29148584182996135,0.0,0.0,0.28695426517780503,0.0,0.0,0.0,0.13007405116227239,0.0,0.29148584182996135
2024-12-05,-0.020479025725163684,-0.016652141472148774,-0.0038268842530149103,0.02626915909115067,0.261695459020846,1.3207133563365474,-0.036716913132797235,0.28121892991552566,0.0,0.0,0.28121892991552566,0.0,0.0,0.0,0.156343210253423,0.0,0.28121892991552566
2024-12-06,0.050280110107405136,0.028832759145512643,0.021447350961892493,0.010419931246704539,0.2644426184702845,1.3871189693134696,0.0,0.28469224033109386,0.0,0.0,0.28469224033109386,0.0,0.0,0.0,0.1459232790067185,0.0,0.28469224033109386
2024-12-07,0.015115079695529787,0.0009138683812970338,0.014201211314232753,0.011062295636796435,0.2615355777658628,1.4080853830818236,0.0,0.2810048084521617,0.0,0.0,0.2810048084521617,0.0,0.0,0.0,0.15698557464351487,0.0,0.2810048084521617
2024-12-08,-0.013215569601033214,0.012797501081567075,-0.026013070682600288,0.021525436950994348,0.2674925067432218,1.3894767326975084,-0.013215569601033095,0.28817995410249314,0.0,0.0,0.28817995410249314,0.0,0.0,0.0,0.13546013769252052,0.0,0.28817995410249314
2024-12-09,-0.169394156343465,-0.0379105483466009,-0.1314836079968641,0.00776837277653232,0.26520020130220956,1.1541074938033398,-0.18037108568133275,0.2855904965103157,0.0,0.0,0.2855904965103157,0.0,0.0,0.0,0.14322851046905286,0.0,0.2855904965103157
2024-12-10,0.03113267347992037,-0.007026056763778543,0.03815873024369891,0.08348430261634653,0.23180189483660485,1.1900379455686485,-0.15485384631714794,0.2798201059674212,0.0,0.06943072098847006,0.21364697497975824,0.0,0.0,0.0,0.15728209209692934,0.0,0.2798201059674212
2024-12-11,0.03394080237566385,0.04691851376393741,-0.012977711388273555,0.03912186422282424,0.22496302007322982,1.2304287882987348,-0.12616890773644596,0.28135044651132324,0.0,0.10549190412349016,0.18123854193115055,0.0,0.0,0.0,0.15056866092271276,0.0,0.28135044651132324
2024-12-12,0.0009209984647117494,-0.011082422744128628,0.012003421208840378,0.04890716639257,0.23573866569576063,1.2315620113236951,-0.12536411064205388,0.2877093410224322,0.0,0.07661218102980287,0.21742791930150276,0.0,0.0,0.0,0.13054121762383014,0.0,0.2877093410224322
2024-12-13,0.014038159078074305,0.014198990863292016,-0.00016083178521771047,0.20715339865363294,0.333683128910806,1.2488508747531704,-0.11308583289185392,0.34096872873318745,0.0,0.0,0.3180625425336251,0.0,0.0,0.0,0.0,0.0,0.34096872873318745
2024-12-14,-0.03912025116179845,-4.19031937628489e-05,-0.0390783479680356,0.1531281031858037,0.26314977765942593,1.1999955148691948,-0.1477821378680818,0.2925988690231872,0.0,0.0,0.2616741587678219,0.0,0.0,0.0,0.15312810318580375,0.0,0.2925988690231872
2024-12-15,0.028022391178233196,0.030013705383553635,-0.0019913142053204387,0.028852736955994787,0.25743956000044455,1.2336222585989847,-0.12390095556634362,0.28722612774183326,0.0,0.0,0.243566904374535,0.0,0.0,0.0,0.1819808401417985,0.0,0.28722612774183326
2024-12-16,-0.01720519633904378,0.01526526030644626,-0.032470456645490045,0.015819978877501376,0.25502565978954983,1.2123975454315745,-0.1389744116382733,0.27931613830308255,0.0,0.0,0.24886112140690303,0.0,0.0,0.0,0.19250660198693179,0.0,0.27931613830308255
2024-12-17,0.005005921680874282,0.0007079101319968917,0.004298011548877391,0.0559158746089492,0.24426578293217444,1.2184667125900892,-0.13466418497770583,0.2891742257581532,0.0,0.0,0.2194217585467881,0.03619969969880799,0.0,0.0,0.16603009023809762,0.0,0.2891742257581532
2024-12-18,-0.0953779506456561,-0.0558703575319216,-0.0395075931137345,0.06819580378291487,0.2521528532897002,1.1022518546132969,-0.21719814163482076,0.27317617371609976,0.0,0.0,0.22535529347445454,0.0,0.0,0.0,0.22829235909334603,0.0,0.27317617371609976
2024-12-19,-0.06598852264550752,-0.027365671293993032,-0.038622851351514484,0.08412926407424516,0.25195527834271125,1.0295158831440947,-0.26885407979249676,0.3012396399430194,0.0,0.02800233162040589,0.15822066844846835,0.0,0.0,0.0,0.21129772004508704,0.0,0.3012396399430194
2024-12-20,0.03531734089626892,0.0035252764517319513,0.03179206444453697,0.16841918509358553,0.20504225368305695,1.0658756465472181,-0.243031950083612,0.27535851194344124,0.0,0.13049268523500746,0.12127209912113307,0.065928831478984,0.0,0.0,0.1315893602779931,0.0,0.27535851194344124
2024-12-21,-0.03757663514055229,-0.005249707991702657,-0.03232692714884963,0.1323630566033567,0.23591468584909653,1.025823626271713,-0.2714762623083755,0.28599431502355593,0.0,0.14787462135024024,0.21498161344902764,0.06515513515362042,0.0,0.0,0.0,0.0,0.28599431502355593
2024-12-22,-0.017926321170490575,-0.02164330280426996,0.0037169816337793843,0.10765210484993265,0.26619780271817234,1.007434382482889,-0.28453601281056173,0.3127760017349184,0.0,0.20196335277744798,0.17248464375271538,0.0,0.0,0.0,0.0,0.0,0.3127760017349184
2024-12-23,0.04893243088780449,-0.003202142493870186,0.052134573381674675,0.12838022064353277,0.23251886068705843,1.056730595777731,-0.24952662070470155,0.28317530590661755,0.0,0.22393752214259238,0.10330581476578422,0.10640605127838831,0.0,0.0,0.0,0.0,0.28317530590661755
2024-12-24,0.016984181174027783,0.03986141867321402,-0.02287723749918624,0.04683634829997908,0.21871647447473025,1.0746782996685584,-0.23678044486446526,0.2628982644494539,0.0,0.21765525675694064,0.11819502888722962,0.13835318545692207,0.0,0.0,0.0,0.0,0.2628982644494539
2024-12-25,-0.007249011549201864,0.0077639591022340415,-0.015012970651435906,0.11819502888722959,0.2589174957463124,1.0668879442625845,-0.2423130322342194,0.2957011222472024,0.0,0.22107870861752021,0.0,0.18751904688807508,0.0,0.0,0.0,0.0,0.2957011222472024
2024-12-26,-0.05065014128813963,-0.03658870195595676,-0.014061439332182873,0.18751904688807494,0.2996396782572,1.0128499191470717,-0.28068998420373836,0.3299241278071539,0.0,0.27982151774259656,0.0,0.0,0.0,0.0,0.060330226643095466,0.0,0.3299241278071539
2024-12-27,0.0022566260921481488,-0.01558142885179914,0.017838054943947287,0.15510270984610042,0.23298618806900234,1.0151355427020492,-0.27906677045374895,0.26242113525193006,0.0,0.259724793006944,0.0,0.05979027263875071,0.0,0.0,0.1556426638504453,0.0,0.26242113525193006
2024-12-28,0.02406524047886093,0.01061484937862045,0.013450391100240482,0.0642116118782585,0.2630096356154904,1.039565023655813,-0.26171733891551663,0.2829262251296875,0.0,0.2829262251296875,0.0,0.0,0.0,0.0,0.15122132461093743,0.0,0.2829262251296875
2024-12-29,-0.03518336419948224,-0.01638824763903468,-0.018795116560447557,0.15122132461093743,0.27232184591042186,1.002989628819487,-0.287692606662615,0.2931295006447847,0.0,0.2931295006447847,0.0,0.1206114980656458,0.0,0.0,0.0,0.0,0.2931295006447847
2024-12-30,0.0005426614350507527,-0.010093537106537043,0.010636198541587795,0.08344439699350274,0.2528144810384213,1.0035339126108034,-0.28730606491034916,0.2653147016469505,0.0,0.2653147016469505,0.0,0.2040558950591486,0.0,0.0,0.0,0.0,0.2653147016469505
2024-12-31,-0.004424361892616523,0.008448460832582105,-0.01287282272519863,0.015136106380680331,0.25497438962011065,0.9990939154098998,-0.29045928079785865,0.2703600704405106,0.0,0.2703600704405106,0.0,0.18891978867846823,0.0,0.0,0.0,0.0,0.2703600704405106
2025-01-01,0.06509857734580857,0.010855240659998211,0.054243336685810356,0.05367458595813232,0.23715133077005723,1.064133507937938,-0.24426918940887743,0.2524685417877998,0.0,0.2524685417877998,0.0,0.21213831701741154,0.0,0.0,0.030456057619189035,0.0,0.2524685417877998
2025-01-02,0.024473741760157056,0.025298178626284695,-0.0008244368661276397,0.03418426832848645,0.25001846996735444,1.090176836609541,-0.22577362871027618,0.25068494386119883,0.0,0.2514962353964516,0.0,0.246322585345898,0.0,0.0,0.0,0.0,0.2514962353964516
2025-01-03,0.04369794918284301,0.012263675572221189,0.03143427361062182,0.08560562312080797,0.25961536235455124,1.1378153286160173,-0.1919415240816409,0.16507932074039086,0.0,0.2783068930865364,0.0,0.2783068930865364,0.0,0.0,0.0,0.0,0.2783068930865364
2025-01-04,-0.0015595384464193586,0.0004718144831972193,-0.002031352929616578,0.25,0.25,1.1360408618661153,-0.19320172234179056,0.0,0.0,0.25,0.0,0.25,0.0,0.25,0.0,0.0,0.25
2025-01-05,-0.01149893258184273,0.0014570278098766654,-0.012955960391719396,0.0,0.25,1.1229776045852984,-0.20247904134372918,0.0,0.0,0.25,0.0,0.25,0.0,0.25,0.0,0.0,0.25
2025-01-06,0.01820417029516269,0.039364049367443865,-0.021159879072281174,0.0,0.25,1.143420480136823,-0.18796083399838892,0.0,0.0,0.25,0.0,0.25,0.0,0.25,0.0,0.0,0.25
2025-01-07,-0.06406171016542743,-0.05165509861535522,-0.012406611550072208,0.06968096529054806,0.22122881350950419,1.070171008741084,-0.2399814516937595,0.0696809652905481,0.0,0.232579758677363,0.0,0.232579758677363,0.0,0.232579758677363,0.0,0.0,0.232579758677363
2025-01-08,0.0043304582183241475,-0.01953491432743626,0.023865372545760405,0.06968096529054806,0.25,1.0748053395808992,-0.23669022312516796,0.0,0.0,0.25,0.0,0.25,0.0,0.25,0.0,0.0,0.25
2025-01-09,-0.03300477738966194,-0.026384429891623817,-0.006620347498038123,0.09508261596989177,0.26205427181290386,1.0393316286108116,-0.2618830923902743,0.0,0.0,0.28169420532329725,0.0,0.1549173840301082,0.0,0.28169420532329725,0.0,0.0,0.28169420532329725
2025-01-10,0.018951924539996962,0.02348526765730452,-0.004533343117307558,0.022819013053940046,0.25696270440852576,1.0590289632082759,-0.2478943564555589,0.0,0.0,0.27408786763865056,0.0,0.17773639708404823,0.0,0.27408786763865056,0.0,0.0,0.27408786763865056
2025-01-11,0.026369749149159002,-0.0013314174940783907,0.027701166643237393,0.022676890512399406,0.2620182630565584,1.086955291309772,-0.22806151930162522,0.0,0.0,0.2816468311427837,0.0,0.15505950657164888,0.0,0.2816468311427837,0.0,0.0,0.2816468311427837
2025-01-12,-0.018800216378691188,-0.0005806554525006336,-0.018219560926190554,0.011801508210545222,0.2651918065518375,1.066520296639185,-0.24257412976979287,0.0,0.0,0.28558066721296543,0.0,0.1432579983611036,0.0,0.28558066721296543,0.0,0.0,0.28558066721296543
2025-01-13,-0.019195489120106872,-9.476962625010188e-05,-0.01910071949385677,0.01868818815406366,0.260337965425629,1.0460479178886744,-0.25711328982108417,0.0,0.0,0.2793512711616109,0.0,0.16194618651516732,0.0,0.2793512711616109,0.0,0.0,0.2793512711616109
2025-01-14,0.02165330725160782,0.021417849900725594,0.00023545735088222747,0.07408678100856336,0.2850527631768959,1.0686983148546225,-0.24102733563244394,0.0,0.0,0.304046864831132,0.0,0.08785940550660394,0.0,0.304046864831132,0.0,0.0,0.304046864831132
2025-01-15,0.09061065975611315,0.04076693186038316,0.049843727895729995,0.0106884368729247,0.2805836747305282,1.1655337742438463,-0.1722563217772446,0.0,0.0,0.30048405254015714,0.0,0.0985478423795287,0.0,0.30048405254015714,0.0,0.0,0.30048405254015714
2025-01-16,0.0062640753632998885,-0.005075258203325772,0.01133933356662566,0.0985478423795286,0.3333333333333333,1.172834765644181,-0.16707127299536217,0.0,0.0,0.3333333333333333,0.0,0.0,0.0,0.3333333333333333,0.0,0.0,0.3333333333333333
2025-01-17,0.02907488992976914,0.04090699518838892,-0.011832105258619777,0.13454102563575793,0.2677743663483236,1.2069348073610922,-0.14285396193835975,0.13454102563575793,0.0,0.2884863247880807,0.0,0.0,0.0,0.2884863247880807,0.0,0.0,0.2884863247880807
2025-01-18,-0.016710710645766905,0.0045999384304846735,-0.02131064907625158,0.13454102563575793,0.3333333333333333,1.1867660690269766,-0.15717748136157328,0.0,0.0,0.3333333333333333,0.0,0.0,0.0,0.3333333333333333,0.0,0.0,0.3333333333333333
2025-01-19,-0.07068386454544323,-0.030841395103859304,-0.03984246944158393,0.19914202598920053,0.2534487113606442,1.1028808569567456,-0.21675143410486108,0.1991420259892005,0.0,0.2669526580035998,0.0,0.0,0.0,0.2669526580035998,0.0,0.0,0.2669526580035998
2025-01-20,0.02890072811960395,0.009162396279856155,0.019738331839747793,0.11878895895891711,0.28837344248804203,1.1347549167519684,-0.19411498025185603,0.08035306703028343,0.0,0.3065489776565722,0.0,0.0,0.0,0.3065489776565722,0.0,0.0,0.3065489776565722
2025-01-21,0.01745894509991014,0.03797975376689289,-0.02052080866698275,0.06609774199669555,0.2642965799348896,1.154566540545394,-0.18004507793523317,0.146450809026979,0.0,0.284516396991007,0.0,0.0,0.0,0.284516396991007,0.0,0.0,0.284516396991007
2025-01-22,0.009063769427417864,-0.022960922265658046,0.03202469169307591,0.007176011525815623,0.26634676062454454,1.1650312654575088,-0.17261319558076182,0.1392747975011634,0.0,0.28690840083294555,0.0,0.0,0.0,0.28690840083294555,0.0,0.0,0.28690840083294555
2025-01-23,-0.00881640367805053,0.0019640011547956693,-0.010780404832846199,0.030600678203524315,0.2766306727417306,1.1547598795236853,-0.17990777164641414,0.10867411929763907,0.0,0.297108626900787,0.0,0.0,0.0,0.297108626900787,0.0,0.0,0.297108626900787
2025-01-24,-0.00602643834487582,0.009240273874573157,-0.015266712219448978,0.033977544998597634,0.2653648869044905,1.1478007903065996,-0.18485000689769882,0.1426516642962367,0.0,0.2857827785679211,0.0,0.0,0.0,0.2857827785679211,0.0,0.0,0.2857827785679211
2025-01-25,0.0028954516078434868,-0.0011790732379457491,0.004074524845789236,0.008676080997416125,0.2679488870277986,1.151124191950377,-0.18248977953953716,0.1339755832988206,0.0,0.2886748055670598,0.0,0.0,0.0,0.2886748055670598,0.0,0.0,0.2886748055670598
2025-01-26,-0.027355027737630766,-0.020304667873067395,-0.007050359864563371,0.021479759458500794,0.2619182562841808,1.1196351577501167,-0.20485279429602965,0.1554553427573214,0.0,0.28151488574755956,0.0,0.0,0.0,0.28151488574755956,0.0,0.0,0.28151488574755956
2025-01-27,0.00583336413409126,-0.0052345546677060595,0.011067918801797319,0.008020676505213611,0.2640261969157554,1.126166397322604,-0.2002144111049532,0.14743466625210777,0.0,0.28418844458263076,0.0,0.0,0.0,0.28418844458263076,0.0,0.0,0.28418844458263076
2025-01-28,-0.01793105993888065,-0.0073206238502596666,-0.010610436088620983,0.04187433727393539,0.2778170914198584,1.105973040151059,-0.21455541443768322,0.10556032897817234,0.0,0.2981465570072759,0.0,0.0,0.0,0.2981465570072759,0.0,0.0,0.2981465570072759
2025-01-29,0.0077833668625117685,0.023661199942527578,-0.015877833080015807,0.035953064418024865,0.2656924584165443,1.1145812340626022,-0.20844201107807814,0.1415133933961972,0.0,0.2861622022012676,0.0,0.0,0.0,0.2861622022012676,0.0,0.0,0.2861622022012676
2025-01-30,0.026488212258094473,0.00954081835292131,0.016947393905173164,0.0034236036881845344,0.264717646108863,1.1441044983693414,-0.18747505505292383,0.14493699708438182,0.0,0.2850210009718728,0.0,0.0,0.0,0.2850210009718728,0.0,0.0,0.2850210009718728
2025-01-31,-0.002679379016553779,-0.021899499765762886,0.019220120749209108,0.027876635455186677,0.25794364709564904,1.1410390087836657,-0.18965211734084164,0.17281363253956847,0.0,0.2757287891534772,0.0,0.0,0.0,0.2757287891534772,0.0,0.0,0.2757287891534772
2025-02-01,-0.012539294493248842,-0.01751359666096397,0.004974302167715128,0.1728136325395684,0.3333333333333333,1.1267311846242425,-0.19981330808348552,0.0,0.0,0.3333333333333333,0.0,0.0,0.0,0.3333333333333333,0.0,0.0,0.3333333333333333
2025-02-02,-0.030989675822842545,-0.029165211334154395,-0.0018244644886881503,0.0,0.3333333333333333,1.09181415047325,-0.22461083426373107,0.0,0.0,0.3333333333333333,0.0,0.0,0.0,0.3333333333333333,0.0,0.0,0.3333333333333333
2025-02-03,0.0069923599452410825,0.03713314320824468,-0.030140783263003595,0.14717607860534315,0.25329411973729965,1.0994485080066665,-0.21918903411926283,0.07729661356757987,0.0,0.2842746404648856,0.0,0.06987946503776327,0.0,0.2842746404648856,0.0,0.0,0.2842746404648856
2025-02-04,-0.022172336024125553,-0.03518644109279401,0.013014105068668454,0.06987946503776332,0.26745342288939167,1.0750711662459191,-0.23650143722609263,0.13558816858801817,0.0,0.2881372771373273,0.0,0.0,0.0,0.2881372771373273,0.0,0.0,0.2881372771373273
2025-02-05,-0.007673542888644278,-0.011770285996367091,0.004096743107722813,0.13558816858801814,0.2741719077948222,1.0668215615433863,-0.24236017619295647,0.0,0.0,0.29488123939430055,0.0,0.11535628181709828,0.0,0.29488123939430055,0.0,0.0,0.29488123939430055
2025-02-06,0.00018138330310675036,-0.0006011648811647952,0.0007825481842715455,0.03540555520486613,0.2631309506550069,1.0670150651620445,-0.2422227529791492,0.0,0.0,0.2830793876593452,0.0,0.1507618370219645,0.0,0.2830793876593452,0.0,0.0,0.2830793876593452
2025-02-07,0.0020293519065244354,-0.0004924687494659574,0.002521820655990393,0.02151325015773349,0.2594949545790837,1.0691804142188213,-0.24068495627818665,0.0,0.0,0.28554975416338485,0.0,0.1673343541716186,0.0,0.28554975416338485,0.0,0.0,0.2615661375016116
2025-02-08,0.00928908731258872,-0.0006430634939713631,0.009932150806560083,0.12050923131519642,0.22737658619186524,1.0791121244394097,-0.23363161253929254,0.12050923131519647,0.0,0.2739684902252664,0.0,0.10343635016372531,0.0,0.2739684902252664,0.0,0.0,0.2281174380705454
2025-02-09,-0.0015151403789706642,0.00018673905907151678,-0.001701879438042181,0.019095373651677093,0.22978308162516298,1.0774771180862348,-0.23479276822830086,0.10380256812572808,0.0,0.27277413499416203,0.0,0.10929718637685037,0.0,0.27277413499416203,0.0,0.0,0.24135197550909734
2025-02-10,0.01321889600957344,0.010035687350816946,0.0031832086587564937,0.050552218134357535,0.2254257034861844,1.0917201760629116,-0.22467757340573724,0.09710428934073123,0.0,0.27820038541044595,0.0,0.14899690367864013,0.0,0.27820038541044595,0.0,0.0,0.1974980361597367
2025-02-11,0.007808264464984201,-0.016961983897908373,0.024770248362892572,0.06923615061901052,0.22080649071794986,1.10024461591937,-0.21862365085325586,0.16410981282826387,0.0,0.2778031005187657,0.0,0.15122753081011803,0.0,0.2778031005187657,0.0,0.0,0.12905645532408666
2025-02-12,0.020416894135711648,0.021839938524633062,-0.0014230443889214142,0.07795291600462152,0.232074079702981,1.1227081937659824,-0.20267037265257803,0.12709626668636487,0.0,0.2948177979864746,0.0,0.11028816094739549,0.0,0.2948177979864746,0.0,0.0,0.17297997639329038
2025-02-13,-0.013327597570056714,-0.0128931248485874,-0.0004344727214693131,0.11933784819737892,0.25075768180151364,1.1077451907708642,-0.21329686105654766,0.13310262974746281,0.0,0.31129811946563696,0.0,0.19065900312535183,0.0,0.31129811946563696,0.0,0.0,0.053642128195911506
2025-02-14,0.0014010534386078907,0.009236695789816451,-0.00783564235120856,0.09517054193590502,0.22186988248228098,1.1092972009794952,-0.21219464791856724,0.17523669139023387,0.0,0.27564696348157547,0.0,0.16679077315756977,0.0,0.27564696348157547,0.0,0.0,0.10667860848904542
2025-02-15,0.003484753752623975,0.0007095349684433927,0.0027752187841805823,0.16162701273159485,0.24002514573142641,1.1131628285633837,-0.20944934026156425,0.03635399623585828,0.0,0.2642748046929658,0.0,0.17082158968524416,0.0,0.2642748046929658,0.0,0.0,0.2642748046929658
2025-02-16,0.001884374616478332,-0.014876960727340904,0.016761335343819236,0.05167716042552127,0.2510084249939602,1.1152604443415357,-0.20795964666531297,0.0,0.0,0.2591670832964115,0.0,0.22249875011076553,0.0,0.2591670832964115,0.0,0.0,0.2591670832964115
2025-02-17,-0.002684109989793025,-0.0035177550289164916,0.0008336450391234667,0.012542104424944578,0.2503613399739202,1.1122669626416575,-0.21008557009001794,0.0,0.0,0.25822603020489976,0.0,0.2350408545357101,0.0,0.25822603020489976,0.0,0.0,0.24850708505449048
2025-02-18,-0.012417952425166282,-0.0011302986009604776,-0.011287653824205804,0.04293676703895975,0.25263199552165483,1.098454884415489,-0.21989468990059247,0.0,0.0,0.26480989399482313,0.0,0.26480989399482313,0.0,0.26480989399482313,0.0,0.0,0.20557031801553075
2025-02-19,0.015501671256229485,0.01016632497746972,0.005335346278759765,0.05556829665216827,0.25167277091957474,1.1154827709234976,-0.20780175383819244,0.0,0.0,0.2621371859481364,0.0,0.21458701343602826,0.0,0.2621371859481364,0.0,0.0,0.26113861466769894
2025-02-20,0.001642006930357943,0.017182894357943512,-0.01554088742758557,0.010823744348385081,0.2519194894522106,1.1173144013640488,-0.20650095882777741,0.0,0.0,0.26754905812232893,0.0,0.2139089397165356,0.0,0.26754905812232893,0.0,0.0,0.2509929440388065
2025-02-21,-0.017240231517105832,-0.02159625654849706,0.004356025031391229,0.013411578979443575,0.25255713730460855,1.098051642407136,-0.22018106600618803,0.0,0.0,0.27393646104008623,0.0,0.21454571286046456,0.0,0.27393646104008623,0.0,0.0,0.23758136505936292
2025-02-22,0.012209213484655139,0.0038367893861199764,0.008372424098535163,0.044928834104455334,0.2547649609975928,1.1114579893264611,-0.2106600901616813,0.0,0.0,0.2770738873011197,0.0,0.2531996944428529,0.0,0.2770738873011197,0.0,0.0,0.19265253095490753
2025-02-23,0.005124540019344651,-0.003034768875022631,0.008159308894367282,0.020248144567371715,0.2536132154414952,1.1171537002725849,-0.20661508620484892,0.0,0.0,0.2788693162737639,0.0,0.23295154987548125,0.0,0.2788693162737639,0.0,0.0,0.20930981757699096
2025-02-24,-0.04548975686424288,-0.04888030085811046,0.0033905439938675813,0.012301232572433499,0.2534551642384888,1.0663346500671957,-0.24270597303314867,0.0,0.0,0.2754749295738633,0.0,0.24525278244791482,0.0,0.2754749295738633,0.0,0.0,0.20379735840435864
2025-02-25,-0.0038285890800904576,-0.0313750916410277,0.027546502560937238,0.13893542667312841,0.2860575800894074,1.0622520928702264,-0.24560534067521167,0.0,0.0,0.34494264291042753,0.0,0.15429633207699914,0.0,0.34494264291042753,0.0,0.0,0.1558183821021459
2025-02-26,-0.018088273579370612,-0.04995816437454048,0.03186989079516987,0.01908808047395809,0.290309284558378,1.0430377864041307,-0.25925103765989455,0.0,0.0,0.34982656339103185,0.0,0.13520825160304098,0.0,0.34982656339103185,0.0,0.0,0.1651386216148953
2025-02-27,-0.0014651380502188052,0.005442011990729023,-0.006907150040947828,0.3003468732179363,0.5,1.041509592055454,-0.26033633715027915,0.0,0.0,0.5,0.0,0.0,0.0,0.5,0.0,0.0,0.0
2025-02-28,-0.002501908307083627,-0.0042338096093689215,0.0017319013022852946,0.0,0.5,1.0389038305551832,-0.26218690781281073,0.0,0.0,0.5,0.0,0.0,0.0,0.5,0.0,0.0,0.0
2025-03-01,0.011514523674065696,0.02032710396711601,-0.008812580293050315,0.0,0.5,1.0508663133071885,-0.25369134149578565,0.0,0.0,0.5,0.0,0.0,0.0,0.5,0.0,0.0,0.0
2025-03-02,0.021350950921929977,0.09534090292481712,-0.07398995200288713,0.0,0.5,1.0733033083881198,-0.23775694195545072,0.0,0.0,0.5,0.0,0.0,0.0,0.5,0.0,0.0,0.0
2025-03-03,-0.07937054200156361,-0.08538654927336375,0.006016007271800142,0.5739191575438344,0.20648688573480622,0.9881146430692834,-0.29825658660937593,0.0,0.0,0.1705907422011021,0.0,0.0,0.1802138230194593,0.2554901002550635,0.22949869196640582,0.0,0.16420664255796938
2025-03-04,0.0009202025357280025,0.012309933784973248,-0.011389731249245246,0.3937053345243751,0.3333333333333333,0.9890239086694258,-0.29761084054094344,0.0,0.0,0.3333333333333333,0.0,0.0,0.3333333333333333,0.3333333333333333,0.0,0.0,0.0
2025-03-05,0.008758784641682038,0.038083806073143656,-0.029325021431461616,0.33333333333333337,0.34923149241349033,0.9976865560909359,-0.2914587651585895,0.0,0.0,0.38480850385297477,0.0,0.0,0.0,0.38480850385297477,0.2303829922940505,0.0,0.0
2025-03-06,-0.005683459950396565,-0.007440124556858829,0.0017566646064622639,0.2303829922940505,0.5,0.9920162445063441,-0.29548573089001506,0.0,0.0,0.5,0.0,0.0,0.0,0.5,0.0,0.0,0.0
2025-03-07,-0.006538363430692612,-0.034805673493573885,0.028267310062881273,0.35888043931165675,0.2543040162349321,0.9855300817706107,-0.300092101223565,0.0,0.18199748646161193,0.32055978034417165,0.0,0.0,0.0,0.32055978034417165,0.09160344602518627,0.0,0.08527950682485853
2025-03-08,-0.0035749710742283866,-0.006673828580645025,0.0030988575064166382,0.08527950682485849,0.27915267506834657,0.9820068402354988,-0.3025942517163148,0.0,0.24086367786258017,0.3226172004989799,0.0,0.0,0.0,0.3226172004989799,0.11390192113945996,0.0,0.0
2025-03-09,-0.04230491751775672,-0.0636502442229373,0.021345326705180585,0.12906958246089184,0.30075207031024503,0.9404631218574632,-0.3320979443738654,0.0,0.31503336983826397,0.31503336983826397,0.05489989048520807,0.0,0.0,0.31503336983826397,0.0,0.0,0.0
2025-03-10,-0.029986002821182876,-0.026488223045525672,-0.0034977797756572046,0.11436690853736477,0.274528479688982,0.9122623920322268,-0.3521256572981446,0.0,0.295064160855736,0.29528446530344965,0.0,0.0,0.0,0.29528446530344965,0.11436690853736485,0.0,0.0
2025-03-11,0.008518029865063307,0.055182677560879245,-0.046664647695815936,0.1206581471662484,0.33631177869030127,0.9200330703323314,-0.3466070442982019,0.0,0.2887729222268524,0.3556135388865738,0.0,0.0,0.0,0.3556135388865738,0.0,0.0,0.0
2025-03-12,0.011885464732299355,0.009008839546240877,0.0028766251860584784,0.2541453678952851,0.24603502233190608,0.9309680909423155,-0.33884116536687525,0.0,0.17787673242190297,0.2730130261302192,0.0,0.0,0.0,0.29496487355259277,0.22846195191230717,0.0,0.025683415982977797
2025-03-13,0.003948785337508558,-0.030644554525017353,0.03459333986252591,0.10525210069689209,0.20988336091251167,0.9346442840895169,-0.3362303910549117,0.0,0.16850403714352297,0.23524583475289187,0.0,0.0,0.0,0.25197302832110674,0.2133415831026085,0.0,0.13093551667986994
2025-03-14,0.0080049603711832,0.03534971863674374,-0.027344758265560543,0.16850403714352297,0.2510797242839351,0.9421260745448063,-0.3309169416397105,0.0,0.0,0.2577063130854742,0.0,0.0,0.0,0.26034466686112107,0.26034466686112107,0.0,0.2216043531922837
2025-03-15,0.008396589317721598,0.004229893597767154,0.004166695719954445,0.046739110677229356,0.25199641196269845,0.9500367202782762,-0.32529892597921406,0.0,0.0,0.21143401152894606,0.0,0.0,0.0,0.26434406536531707,0.2598778577404199,0.0,0.26434406536531707
2025-03-16,-0.02492567910329422,-0.020914662400679962,-0.004011016702614258,0.15122487884101,0.21653797757906734,0.9263564098522739,-0.3421163084409041,0.0,0.10353079312672589,0.2591280972432301,0.0,0.0,0.0,0.2591280972432301,0.19012373833763277,0.0,0.18808927404918113
2025-03-17,0.02870409906291426,0.017384295133135996,0.011319803929778265,0.11834568277251953,0.24058175375669116,0.952946636008239,-0.32323234978651616,0.0,0.1398000249165294,0.29977084254374725,0.0,0.0,0.0,0.29977084254374725,0.19091469871931457,0.0,0.06974359127666169
2025-03-18,0.014944387875053027,-0.015414826063030795,0.030359213938083822,0.06974359127666158,0.26438647797935955,0.9671878401609731,-0.3131184715204376,0.0,0.1598375458953892,0.30436962588480465,0.0,0.0,0.0,0.30436962588480465,0.23142320233500144,0.0,0.0
2025-03-19,0.004323580826467963,0.04994146771149088,-0.04561788688502292,0.21602938087692222,0.21413771706310264,0.971369554962286,-0.3101486837138484,0.0,0.12274573064045526,0.25373260715889845,0.21602938087692228,0.0,0.0,0.25373260715889845,0.15375967416482558,0.0,0.0
2025-03-20,-0.012242232521794006,-0.030197727147636355,0.01795549462584235,0.15784506347728888,0.17387565703005342,0.9594778230058462,-0.3185940039332892,0.0,0.14059508796515185,0.18263309506821904,0.15039417632154026,0.0,0.0,0.23262226032767103,0.16780846716080303,0.0,0.12594691315661488
2025-03-21,-0.006881946126890826,-0.0015981308755205204,-0.0052838152513703055,0.08056055123208461,0.1881785399642413,0.9528747483179734,-0.3232834032887607,0.0,0.08595328669722464,0.23897760958846845,0.1444630224320208,0.0,0.0,0.23897760958846845,0.18566915461184078,0.0,0.10595931708197694
2025-03-22,-0.0017666382447709067,-0.0029516419489445944,0.0011850037041736877,0.19191260377920155,0.25459578597473986,0.9511913633451184,-0.3244789167093819,0.0,0.0,0.28319348148424106,0.20709680372691927,0.0,0.0,0.28319348148424106,0.2265162333045986,0.0,0.0
2025-03-23,0.0019216224521941931,0.02674015056430301,-0.024818528112108818,0.10762017104320186,0.21379143320729285,0.9530191940252557,-0.3231808202288001,0.0,0.043175433510041966,0.2696935433734615,0.1752638428689711,0.0,0.0,0.2696935433734615,0.17772889934090405,0.0,0.06444473753315993
2025-03-24,0.011578560098415654,0.01644538669299811,-0.004866826594582456,0.09496365124020897,0.18750897228855706,0.9640537840382208,-0.31534422868005885,0.0,0.07259614703162728,0.2328386866101263,0.1512618672862991,0.0,0.0,0.23558672447925982,0.18776194017518297,0.0,0.11995463441750472
2025-03-25,-0.0009178565603930294,-0.0012033395902268929,0.00028548302983386347,0.03274908277544499,0.18288166751641152,0.9631689209479697,-0.31597264447137574,0.0,0.0948656322453578,0.22610261428317802,0.13028152879793678,0.0,0.0,0.23444916733194443,0.18386682536236393,0.0,0.13043423197921916
2025-03-26,-0.008234524938063443,-0.005534776464029556,-0.002699748474033887,0.04666215203929442,0.19305077521573044,0.955237682448856,-0.3216052847887938,0.0,0.04901967439854783,0.23363297313945994,0.14120159183633751,0.0,0.0,0.23363297313945994,0.20922822625567356,0.0,0.13328456123052126
2025-03-27,0.005314972514036728,0.003714682811951864,0.0016002897020848646,0.12265051786643075,0.17751302591340176,0.9603147444754437,-0.3179996355237784,0.0,0.11682476145830527,0.1743452538804514,0.19604702264301083,0.0,0.0,0.22205240949007035,0.18698797883594948,0.0,0.10374257369221272
2025-03-28,-0.02318467110487069,-0.0321857767578666,0.009001105652995913,0.15443301060833314,0.2204754076844691,0.9380501629676227,-0.3338115896675615,0.0,0.026315584731834502,0.22380173445845192,0.2394733347533929,0.0,0.0,0.2394733347533929,0.23111727149257746,0.0,0.03981873981035035
2025-03-29,-0.022735550819560805,-0.02103468216171689,-0.001700868657843916,0.037911148091767495,0.2189870474074103,0.916723075816175,-0.3489577501260772,0.0,0.0,0.21663429998851294,0.2378172383399841,0.0,0.0,0.2378172383399841,0.23000133542940102,0.0,0.07772988790211781
2025-03-30,0.017011103006299457,-0.0031283069247198814,0.02013940993101934,0.033133610155861734,0.2227962026272876,0.9323175464871355,-0.33788280335201903,0.0,0.0,0.23315867241653296,0.21610464450914343,0.0,0.0,0.2422139057486134,0.2422139057486134,0.0,0.06630887157709671
2025-03-31,0.009651467429290954,0.0019422262340362817,0.007709241195254672,0.05184498686532663,0.21280739706103832,0.9413157789208125,-0.3314924007941976,0.0,0.0,0.2263759510600194,0.23344985795491452,0.0,0.0,0.23344985795491452,0.2059156880334993,0.0,0.10080864499665235
2025-04-01,0.0336623360254219,0.031596967704788925,0.0020653683206329765,0.11410691616176204,0.25439034779580827,0.9730026669768765,-0.3089888733541839,0.0,0.0,0.26912752771053683,0.26912752771053683,0.0,0.0,0.26912752771053683,0.19261741686838962,0.0,0.0
2025-04-02,-0.0017033917584253185,-0.0310251468030025,0.029321755044577184,0.12213826505238429,0.27227476822469454,0.9713452622530223,-0.3101659360122925,0.0,0.0,0.3211392800064182,0.14698926265815254,0.0,0.0,0.3211392800064182,0.21073217732901112,0.0,0.0
2025-04-03,0.008906610300494888,0.008444393222235336,0.0004622170782595525,0.14698926265815246,0.3333333333333333,0.9799966559711419,-0.3040218528323474,0.0,0.0,0.3333333333333333,0.0,0.0,0.0,0.3333333333333333,0.3333333333333333,0.0,0.0
2025-04-04,0.001873673493325079,0.00813309540602325,-0.006259421912698171,0.0,0.3333333333333333,0.9818328497289823,-0.3027178170260658,0.0,0.0,0.3333333333333333,0.0,0.0,0.0,0.3333333333333333,0.3333333333333333,0.0,0.0
2025-04-05,-0.011923676334021744,-0.004194546969735313,-0.00772912936428643,0.0,0.3333333333333333,0.9701257926147038,-0.3110319840893271,0.0,0.0,0.3333333333333333,0.0,0.0,0.0,0.3333333333333333,0.3333333333333333,0.0,0.0
2025-04-06,-0.05773554058950909,-0.061145713465215135,0.0034101728757060454,0.0,0.3333333333333333,0.9141150555382678,-0.3508099249368114,0.0,0.0,0.3333333333333333,0.0,0.0,0.0,0.3333333333333333,0.3333333333333333,0.0,0.0
2025-04-07,0.004710322246945291,0.009348973607038236,-0.004638651360092945,0.009192065442021197,0.33346007443396897,0.9184208320206374,-0.34775203048374514,0.0,0.0,0.3379293660543439,0.0,0.0,0.0,0.3379293660543439,0.32414126789131215,0.0,0.0
2025-04-08,-0.010987783153960422,-0.03588559538492875,0.024897812230968326,0.009192065442021197,0.3333333333333333,0.9083294230743147,-0.3549187897354007,0.0,0.0,0.3333333333333333,0.0,0.0,0.0,0.3333333333333333,0.3333333333333333,0.0,0.0
2025-04-09,0.05064365543829627,0.0824502158081466,-0.03180656036985033,0.08240624683844197,0.2999158442730493,0.9543305454009569,-0.3222495191930411,0.0,0.0,0.3409001613917456,0.0,0.0,0.0,0.3409001613917456,0.2509270864948913,0.0,0.06727259072161736
2025-04-10,-0.016851276241936566,-0.036408787630172745,0.01955751138823618,0.08240624683844197,0.3333333333333333,0.9382488577542873,-0.3336704797682245,0.0,0.0,0.3333333333333333,0.0,0.0,0.0,0.3333333333333333,0.3333333333333333,0.0,0.0
2025-04-11,0.01468176151163475,0.047942085713244875,-0.033260324201610125,0.0161141053338362,0.33372282991939833,0.9520240037223996,-0.32388758866401957,0.0,0.0,0.34139038600025146,0.0,0.0,0.0,0.34139038600025146,0.3172192279994972,0.0,0.0
2025-04-12,0.02081780431575755,0.022212595344448305,-0.001394791028690754,0.007435717046779172,0.3341652245345712,0.9718430531357967,-0.309812412789372,0.0,0.0,0.34510824452364103,0.0,0.0,0.0,0.34510824452364103,0.309783510952718,0.0,0.0
2025-04-13,-0.004856178423487231,-0.017787935537056265,0.012931757113569035,0.0780244377227946,0.2945758356749544,0.9671236098701427,-0.3131640868585429,0.07802443772279462,0.0,0.3365989251275457,0.0,0.0,0.0,0.3365989251275457,0.24877771202211407,0.0,0.0
2025-04-14,-0.0013396393784335045,0.009928127984718316,-0.01126776736315182,0.07802443772279455,0.3432863078309818,0.9658280129985478,-0.31408419929430964,0.0,0.0,0.37406205885895477,0.0,0.0,0.0,0.37406205885895477,0.2518758822820904,0.0,0.0
2025-04-15,-0.008192874618272469,-0.011201942320973268,0.0030090677027007993,0.04206624246643123,0.3356608343039915,0.9579151051852355,-0.3197038214481833,0.0,0.0,0.35302893762573917,0.0,0.0,0.0,0.35302893762573917,0.29394212474852166,0.0,0.0
2025-04-16,-0.0013812102382980917,0.004619459210398746,-0.0060006694486968385,0.013001456914029597,0.33437796182320173,0.9565920230345333,-0.32064345349507417,0.0,0.0,0.3465282091687244,0.0,0.0,0.0,0.3465282091687244,0.3069435816625513,0.0,0.0
2025-04-17,0.007337212244312067,0.010919027142326287,-0.0035818148980142203,0.006468206067548943,0.3349528014134343,0.9636107417387535,-0.3156588703238047,0.0,0.0,0.34976231220249887,0.0,0.0,0.0,0.34976231220249887,0.30047537559500237,0.0,0.0
2025-04-18,-0.00810308053412372,-0.005570707978571843,-0.002532372555551877,0.04222258496951753,0.34178896517329094,0.9558025262948977,-0.321204141610384,0.0,0.0,0.3708736046872576,0.0,0.0,0.0,0.3708736046872576,0.2582527906254848,0.0,0.0
2025-04-19,0.009261679994701925,0.007130183016948566,0.0021314969777533593,0.06583588325240594,0.3043804292394764,0.9646548634315686,-0.3149173515882505,0.06583588325240593,0.0,0.3504574928328908,0.0,0.0,0.0,0.3504574928328908,0.23324913108181247,0.0,0.0
2025-04-20,-0.0027985882301534157,0.0012016172171542827,-0.004000205447307698,0.05179574873751397,0.28704091330671083,0.9619551916846087,-0.3168346158247779,0.0894044399630504,0.0,0.32455961846413384,0.0,0.0,0.0,0.32455961846413384,0.261476323108682,0.0,0.0
2025-04-21,0.009746583234343187,0.02743614523914495,-0.017689562004801762,0.08250951436399517,0.2741202004348435,0.9713309680280714,-0.31017608754509207,0.02910498186862672,0.0,0.3198947684451025,0.0,0.0,0.0,0.3198947684451025,0.24859596687717314,0.0,0.0825095143639951
2025-04-22,0.029093522952151462,0.0677218385664009,-0.03862831561424944,0.0476772479006205,0.26774614161907395,0.9995904078405315,-0.29010667971514237,0.055550656591796276,0.0,0.30667502003148556,0.0,0.0,0.0,0.30667502003148556,0.2698275400546241,0.0,0.06127176329060852
2025-04-23,-0.005753396397317038,0.0026549878166355345,-0.008408384213952572,0.07435659348781792,0.31079665648232885,0.9938393679892691,-0.29419097738654876,0.04246582639458692,0.0,0.3428754986476159,0.0,0.0,0.0,0.3428754986476159,0.2717831763101814,0.0,0.0
2025-04-24,0.010954492750510386,0.0030887678955136,0.007865724854996786,0.08736092921918787,0.27289724328142745,1.0047263741410792,-0.28645919756508487,0.12982675561377474,0.0,0.314694323444313,0.0,0.0,0.0,0.314694323444313,0.24078459749759934,0.0,0.0
2025-04-25,-0.003415780594461584,0.007003689170739236,-0.01041946976520082,0.036185389019780675,0.26469506619367617,1.0012944492895444,-0.2888964963913987,0.14858861410429508,0.0,0.29660162893442266,0.0,0.0,0.0,0.29660162893442266,0.2582081280268597,0.0,0.0
2025-04-26,0.01758546108043434,-0.0001128502637609552,0.017698311344195295,0.04263217813667793,0.27766473111886825,1.0189026738575804,-0.2763914134045292,0.10595643596761713,0.0,0.29801452134412765,0.0,0.0,0.0,0.29801452134412765,0.29801452134412765,0.0,0.0
2025-04-27,-0.014264698361245606,-0.009285835059390402,-0.004978863301855204,0.10595643596761706,0.3333333333333333,1.0043683345555354,-0.2867134716239209,0.0,0.0,0.3333333333333333,0.0,0.0,0.0,0.3333333333333333,0.3333333333333333,0.0,0.0
2025-04-28,0.005318230923852748,0.013460153835815225,-0.008141922911962477,0.23442479351790607,0.2512395357096781,1.009709797291307,-0.28292004915114377,0.0,0.0,0.23047890076659633,0.0,0.0,0.0,0.2675481528577488,0.2675481528577488,0.0,0.2344247935179061
2025-04-29,-0.013357174312428754,-0.007939697201950202,-0.005417477110478552,0.09258045460288294,0.21529016249919308,0.9962229275239198,-0.2924982110505798,0.09258045460288296,0.0,0.2149462900158024,0.0,0.0,0.0,0.2500634374484898,0.21338928093896745,0.0,0.22902053699385747
2025-04-30,-0.007612308131278351,-0.0008998818334843284,-0.006712426297794023,0.05403624123801786,0.20524827998614137,0.9886393716321636,-0.2978839326714934,0.14661669584090078,0.0,0.21020757151772912,0.0,0.0,0.0,0.24766608796504344,0.2002216745379536,0.0,0.19528797013837307
2025-05-01,0.002604555557423637,0.024613579407891883,-0.022009023850468247,0.11152470853864212,0.18293015522800646,0.991214337801836,-0.29605523236637654,0.09304951084839358,0.10504143556788167,0.18966576382455022,0.0,0.0,0.0,0.23922023671320888,0.17125180993683214,0.0,0.20177124310913352
2025-05-02,0.0054629487446280055,0.004116803508263045,0.0013461452363649606,0.06217444232167113,0.18172680570400174,0.9966292909241878,-0.29220961818174496,0.15382836693401525,0.07931890523696475,0.1869562430031553,0.0,0.0,0.0,0.2406158229492583,0.14348831677775137,0.0,0.19579234509885496
2025-05-03,-0.007560617282718057,-0.010638357164841517,0.0030777398821234597,0.09916725078999218,0.20678508512983396,0.9890941582827634,-0.2975609503750617,0.13738107518798953,0.0,0.23721476914225664,0.0,0.0,0.0,0.23721476914225664,0.19060671352611142,0.0,0.19758267300138582
2025-05-04,-0.013248764315092457,-0.016470466975503584,0.0032217026604111267,0.024342353409598505,0.2044347712880159,0.9759898828942403,-0.30686739978926003,0.161723428597588,0.0,0.2346955128026785,0.0,0.0,0.0,0.2346955128026785,0.17819523249302646,0.0,0.19069031330402852
2025-05-05,-0.0038100413049219823,0.0048374152847727725,-0.008647456589694754,0.061577057879075574,0.21279201501421155,0.9722713211272273,-0.30950826362585093,0.11280806400485079,0.0,0.2474529570456974,0.0,0.0,0.0,0.2474529570456974,0.2142574018860642,0.0,0.17802862001769013
2025-05-06,0.0053673869893890655,0.022170995574119168,-0.016803608584730102,0.15076072212913968,0.2661711868811925,0.9774898775664017,-0.30580212726375566,0.0,0.0,0.2898069952486895,0.0,0.0,0.0,0.2898069952486895,0.2803100476092197,0.0,0.1400759618934013
2025-05-07,-0.005047192064730248,0.0020290389679165077,-0.007076231032646756,0.2634442966156643,0.1758531690991034,0.9725562984129944,-0.30930587725838266,0.15018038729651825,0.0,0.2012315078888922,0.0,0.0,0.11326390931914601,0.22005498746361957,0.1880866415089736,0.0,0.12718256652285032
2025-05-08,0.07258619647050421,0.06421795208723036,0.008368244383273854,0.029122154215964383,0.1755722089690549,1.0431504609682263,-0.2591710179640371,0.14690188999466175,0.0,0.19197061046446895,0.0,0.0,0.10482570499705263,0.22657536528951205,0.1799420863413824,0.0,0.14978434291292222
2025-05-09,0.015394571917335296,-0.002804624371499198,0.018199196288834492,0.13958934958967142,0.20410383420127814,1.0592093157602032,-0.2477662729216381,0.17456429005401042,0.0,0.15720696587185015,0.0,0.0,0.0,0.2296741012509575,0.21832009514132086,0.0,0.22023454768186107
2025-05-10,0.042011193500809924,0.017845046988020696,0.024166146512789227,0.11710614786184585,0.17536009296695984,1.1037079632824653,-0.21616403625551373,0.1419885674600504,0.0,0.1335358591566511,0.0,0.0,0.11710614786184592,0.21916326976764533,0.18250317201442556,0.0,0.20570298373938184
2025-05-11,-0.026354183610037298,-0.006597968715249425,-0.019756214894787873,0.14908749066319926,0.22018241990991022,1.0746206409662589,-0.2368213931641865,0.1468230603464079,0.0,0.10155451635529773,0.0,0.0,0.0,0.25054080776609816,0.25054080776609816,0.0,0.25054080776609816
2025-05-12,0.02708375900028749,-0.01274208110028996,0.03982584010057745,0.05656280507186156,0.21460876076802443,1.1037254074229235,-0.2161516477024702,0.11535947174644684,0.0,0.15811732142715926,0.0,0.0,0.0,0.24986142986170629,0.2268003471029814,0.0,0.24986142986170629
2025-05-13,0.005309362124134896,0.012767615008738131,-0.0074582528846032356,0.02362173985297856,0.2165371163869337,1.10958548529654,-0.21198991294971614,0.09847333907274174,0.0,0.17369456566141875,0.0,0.0,0.0,0.24649362627206955,0.23484484272170045,0.0,0.24649362627206955
2025-05-14,-0.010536907950521868,-0.005724099004339123,-0.004812808946182745,0.059674917236568724,0.22596656125678075,1.0978938851747353,-0.22029310270104774,0.05798004973724824,0.0,0.2297482344294082,0.0,0.0,0.0,0.24830425050635918,0.2156632148206252,0.0,0.24830425050635918
2025-05-15,-0.02225113044022612,0.0024721803627976158,-0.024723310803023736,0.034798647472153256,0.2357571594948602,1.0734645051261857,-0.2376424625779906,0.03561251638992992,0.0,0.2173171203045732,0.0,0.0,0.0,0.2633070978621525,0.22045616758119174,0.0,0.2633070978621525
2025-05-16,-0.0034909021999700502,-0.002889353127408567,-0.0006015490725614831,0.0454697002949522,0.23785300693082617,1.069717145523651,-0.2403037781825409,0.03252921543625713,0.0,0.26278682059952546,0.0,0.0,0.0,0.26278682059952546,0.19809591039995003,0.0,0.2438012329647419
2025-05-17,-0.010426024590777828,-0.00325959102643536,-0.007166433564342468,0.03252921543625715,0.25257626226751373,1.0585642482592448,-0.24822438967273064,0.0,0.0,0.26572106802187595,0.0,0.0,0.0,0.2682405265102685,0.20637620619815325,0.0,0.25966219926970235
2025-05-18,0.012981544872669164,0.0322672170578604,-0.019285672185191234,0.01967813626388916,0.2552957726506754,1.0723060475486255,-0.238465180853089,0.0,0.0,0.2651443491741782,0.0,0.0,0.0,0.27379043102193,0.1872747887819619,0.0,0.27379043102193
2025-05-19,-0.009217838403133831,-0.008271345834351629,-0.0009464925687822021,0.022388421291691607,0.2562126364743819,1.062421703683619,-0.24548488575434502,0.0,0.0,0.2427559278824865,0.0,0.0,0.0,0.2844112209862802,0.1884216301449531,0.0,0.2844112209862802
2025-05-20,0.00019650444049638713,0.012088706907607882,-0.011892202467111495,0.04045514047498967,0.26323570073733943,1.0626304742660726,-0.24533662018397406,0.0,0.0,0.28321106835747617,0.0,0.0,0.0,0.28321106835747617,0.15036679492757146,0.0,0.28321106835747617
2025-05-21,0.014588067301533413,0.02614880918566298,-0.011560741884129568,0.10251379252445984,0.22092648962165234,1.0781321991413266,-0.23432754000921507,0.08907706598640211,0.0,0.24141203667169558,0.0,0.0,0.0,0.25513686933220736,0.16380352146562924,0.0,0.25057050654406576
2025-05-22,0.02184925019251473,0.018717122570968137,0.003132127621546594,0.031977121664140316,0.21791302576760452,1.1016885793009716,-0.21759817086535815,0.11829075941704238,0.0,0.2441754649051956,0.0,0.0,0.0,0.25131906606751064,0.13585139261006537,0.0,0.250363317000186
2025-05-23,-0.03919473727122132,-0.03919479452346686,5.7252245541650204e-08,0.026586631415315122,0.21597277548974045,1.0585081848805649,-0.24826420499881352,0.13530749116723928,0.0,0.25244705434627657,0.0,0.0,0.0,0.25261737629154796,0.127596096979175,0.0,0.2320319812157613
2025-05-24,0.009305240562486172,0.004133591381898505,0.005171649180587667,0.26290358814641424,0.3333333333333333,1.0683578581782391,-0.2412691225868957,0.0,0.0,0.3333333333333333,0.0,0.0,0.0,0.3333333333333333,0.0,0.0,0.3333333333333333
2025-05-25,0.0037411867025036348,0.011528006509906819,-0.007786819807403184,0.0,0.3333333333333333,1.0723547843907708,-0.23843056871753887,0.0,0.0,0.3333333333333333,0.0,0.0,0.0,0.3333333333333333,0.0,0.0,0.3333333333333333
2025-05-26,-7.490186738961138e-05,0.003950306864350717,-0.004025208731740328,0.0,0.3333333333333333,1.072274463014916,-0.2384876116900887,0.0,0.0,0.3333333333333333,0.0,0.0,0.0,0.3333333333333333,0.0,0.0,0.3333333333333333
2025-05-27,0.009387841001400806,-0.004538044985511469,0.013925885986912275,0.0,0.3333333333333333,1.0823408051835623,-0.23133865446803825,0.0,0.0,0.3333333333333333,0.0,0.0,0.0,0.3333333333333333,0.0,0.0,0.3333333333333333
2025-05-28,-0.007996465929175729,-0.010615103962183348,0.0026186380330076187,0.09750458610012264,0.3475940497991677,1.0736859038111555,-0.23748522872865885,0.0,0.0,0.38208562638339466,0.0,0.0,0.0,0.38208562638339466,0.0,0.0,0.23582874723321073
2025-05-29,-0.006528393575203444,-0.02033766746104948,0.013809273885846036,0.05989708834589562,0.3704962640109488,1.0666764596549283,-0.24246322526242436,0.0,0.0,0.41203417055634245,0.0,0.0,0.0,0.41203417055634245,0.0,0.0,0.17593165888731507
2025-05-30,-0.026605621018539125,-0.015193425498213675,-0.01141219552032545,0.07708337617928011,0.3430098768880304,1.0382968700199522,-0.26261796159869877,0.0,0.0,0.3734924824667024,0.0,0.0,0.0,0.3734924824667024,0.0,0.0,0.25301503506659523
2025-05-31,0.0031441089909633587,0.005831583409529939,-0.0026874744185665803,0.018980155129746823,0.33897688503857437,1.0415613885442712,-0.2602995521019863,0.0,0.0,0.364002404901829,0.0,0.0,0.0,0.364002404901829,0.0,0.0,0.27199519019634205
2025-06-01,0.007331081642327069,0.0100490592577549,-0.002717977615427831,0.00783472072001598,0.3376272576488273,1.0491971601191847,-0.25487674772758007,0.0,0.0,0.360085044541821,0.0,0.0,0.0,0.360085044541821,0.0,0.0,0.279829910916358
2025-06-02,0.0019191369241068194,0.0020357254385126033,-0.00011658851440578396,0.0017634514489705266,0.33734887022698834,1.0512107131298374,-0.2534467541811336,0.0,0.0,0.35920331881733575,0.0,0.0,0.0,0.35920331881733575,0.0,0.0,0.28159336236532856
2025-06-03,0.004473629624327974,-0.004544767948078454,0.009018397572406429,0.005972637771554212,0.33832945114462154,1.055913440517506,-0.2501069514645001,0.0,0.0,0.36218963770311285,0.0,0.0,0.0,0.36218963770311285,0.0,0.0,0.27562072459377435
2025-06-04,0.00048295076120273507,-0.00645331248625769,0.006936263247460424,0.018749161470756004,0.33561055866793654,1.056423394717368,-0.24974479004588923,0.0,0.0,0.35281505696773485,0.0,0.0,0.0,0.35281505696773485,0.0,0.0,0.29436988606453035
2025-06-05,-0.01608872360467901,-0.030451534076571196,0.014362810471892185,0.015477338836818122,0.3377790321210304,1.0394268907102435,-0.26181543875181146,0.0,0.0,0.3605537263861439,0.0,0.0,0.0,0.3605537263861439,0.0,0.0,0.27889254722771223
2025-06-06,0.007288729997875015,0.027384456186406947,-0.02009572618853193,0.017630932462915055,0.34112483225946677,1.0470029926691613,-0.2564350107962735,0.0,0.0,0.3693691926176014,0.0,0.0,0.0,0.3693691926176014,0.0,0.0,0.26126161476479715
2025-06-07,0.015964138395598248,0.012117450409652175,0.0038466879859460727,0.026876113405541163,0.3363972974224073,1.0637174933447373,-0.2445646364025037,0.0,0.0,0.35593113591483083,0.0,0.0,0.0,0.35593113591483083,0.0,0.0,0.2881377281703383
2025-06-08,-0.007507050748455507,0.0017228450581063814,-0.009229895806561889,0.28813772817033834,0.5,1.0557321121401786,-0.2502357280142079,0.0,0.0,0.5,0.0,0.0,0.0,0.5,0.0,0.0,0.0
2025-06-09,0.01861763419782144,0.042834093101556725,-0.024216458903735284,0.07585943707187892,0.4327725442174146,1.075387346414898,-0.23627689106378047,0.0,0.0,0.46207028146406054,0.0,0.0,0.0,0.46207028146406054,0.0,0.0,0.07585943707187894
2025-06-10,0.015349931899788173,0.00010311707406529536,0.015246814825722878,0.19138803334976018,0.36355603561447325,1.0918944689482606,-0.22455379335131498,0.0,0.0,0.4043059833251199,0.0,0.0,0.0,0.4043059833251199,0.1913880333497602,0.0,0.0
2025-06-11,-0.021947359952454722,-0.014774690660270262,-0.00717266929218446,0.06977894976315414,0.34114530648953767,1.0679302680081588,-0.2415727903723992,0.0,0.0,0.36941650844354285,0.0,0.0,0.0,0.36941650844354285,0.26116698311291436,0.0,0.0
2025-06-12,-0.025892853617289505,-0.027367911232460296,0.0014750576151707911,0.14265081213600161,0.26754011736051053,1.0402785059051507,-0.2612106350906561,0.0,0.0,0.3048224363582489,0.0,0.0,0.0,0.3048224363582489,0.24770431514750058,0.0,0.14265081213600156
2025-06-13,-0.00986492129155263,0.003736666372359032,-0.013601587663911662,0.005069710466907337,0.26886001073367294,1.0300162403231026,-0.2684987340265228,0.0,0.0,0.30577293179527376,0.0,0.0,0.0,0.30577293179527376,0.25087303474035827,0.0,0.1375811016690943
2025-06-14,-0.007428701554192783,-0.0061466103511010894,-0.0012820912030916936,0.04114531388824909,0.281822047330667,1.0223645570777706,-0.2739328386179539,0.0,0.0,0.3091402643366047,0.0,0.0,0.0,0.3091402643366047,0.28528368354594547,0.0,0.09643578778084516
2025-06-15,0.007781535132069282,0.0017015663099546607,0.006079968822114621,0.15810033484993008,0.2514078033287575,1.0303201227964538,-0.2682829214934177,0.0,0.0,0.2636557326214915,0.0,0.0,0.0,0.2636557326214915,0.21815241212624173,0.0,0.25453612263077524
2025-06-16,0.011142568122119396,0.011369205507016922,-0.00022663738489752533,0.006538066297368569,0.25112977867803893,1.0418005349523036,-0.26012971410003993,0.0,0.0,0.26038669947280724,0.0,0.0,0.0,0.26038669947280724,0.2209284861812431,0.0,0.25829811487314247
2025-06-17,-0.018848742263469713,-0.02100631933114927,0.002157577067679557,0.011261572934851138,0.25053310297755027,1.0221639051790428,-0.274075338427368,0.0,0.0,0.2602218473034233,0.0,0.0,0.0,0.2602218473034233,0.23219005911609417,0.0,0.24736624627705914
2025-06-18,0.0015846783785394536,0.0032100071190022117,-0.001625328740462758,0.024323555010930767,0.25216958721074817,1.0237837062189035,-0.27292498131172527,0.0,0.0,0.2723836248088887,0.0,0.0,0.0,0.2723836248088887,0.2185202064259734,0.0,0.23671254395624924
2025-06-19,-0.001244277859635012,-0.002175583996381625,0.0009313061367466127,0.008129265317074252,0.2515336307323115,1.0225098348202002,-0.27382966465977276,0.0,0.0,0.26831899215035154,0.0,0.0,0.0,0.26831899215035154,0.22190121136165886,0.0,0.24146080433763792
2025-06-20,-0.014102458497920549,-0.013000366238452021,-0.0011020922594685272,0.013523883109518436,0.25143586315491745,1.0080899323109327,-0.2840704516763294,0.0,0.0,0.26362859598814165,0.0,0.0,0.0,0.26362859598814165,0.21775812057656033,0.0,0.25498468744715647
2025-06-21,-0.015561038051102373,-0.011403706887229914,-0.004157331163872459,0.013578489741098584,0.2528298853007708,0.992403006515309,-0.29521105861970265,0.0,0.0,0.26752969441756025,0.0,0.0,0.0,0.26752969441756025,0.2041796308354617,0.0,0.2607609803294178
2025-06-22,-0.023841583240601677,-0.01132138549535977,-0.012520197745241907,0.026211922859577838,0.251508945740224,0.9687425476272509,-0.3120143428326765,0.0,0.0,0.26923716920068286,0.0,0.0,0.0,0.26923716920068286,0.2269766041287944,0.0,0.23454905746984003
2025-06-23,0.048041297163397806,0.043283404251441615,0.004757892911956191,0.01566876585839512,0.25060788286167274,1.0152821962326388,-0.2789626194325455,0.0,0.0,0.2614027862714853,0.0,0.0,0.0,0.2614027862714853,0.23197193174734518,0.0,0.24522249570968432
2025-06-24,0.00701429430040724,0.007111383767794521,-9.708946738728151e-05,0.0627920174232478,0.2592633097287039,1.0224036843549784,-0.2739050510436506,0.0,0.0,0.28655016265259514,0.0,0.0,0.0,0.28655016265259514,0.1691799143240974,0.0,0.2577197603707124
2025-06-25,-0.004332545930532108,0.01185467982617383,-0.01618722575670594,0.006234266344223902,0.25934832118502477,1.0179740734329652,-0.2770508907599314,0.0,0.0,0.2842688782338493,0.0,0.0,0.0,0.2842688782338493,0.1675082168173652,0.0,0.2639540267149363
2025-06-26,-0.0159140556909368,-0.0036660878858676416,-0.01224796780506916,0.01880826455267022,0.2628804127492418,1.0017739773364231,-0.288555943146091,0.0,0.0,0.2827622912676065,0.0,0.0,0.0,0.2827622912676065,0.15171312619718053,0.0,0.2827622912676065
2025-06-27,0.008562211500718644,0.0009399977895605538,0.00762221371115809,0.03262953991412405,0.2682401512776088,1.0103513780062938,-0.2824644086603785,0.0,0.0,0.29907706122466854,0.0,0.0,0.0,0.29907706122466854,0.1353259894415045,0.0,0.2665198881091585
2025-06-28,0.008333280862883758,0.002327936574751499,0.006005344288132259,0.021855808538806344,0.273086394962495,1.018770919809422,-0.27648498304863,0.0,0.0,0.29654162570253234,0.0,0.0,0.0,0.29654162570253234,0.11854105194697058,0.0,0.28837569664796486
2025-06-29,0.0073964838230979315,0.009880444699230884,-0.002483960876132952,0.009079430677530698,0.276344865203618,1.026306242437235,-0.2711335159299808,0.0,0.0,0.2981468103796701,0.0,0.0,0.0,0.2981468103796701,0.10946162126943977,0.0,0.2942447579712199
2025-06-30,0.005964127868608835,-0.011170766835125301,0.017134894703734135,0.00273325318831958,0.27626062714007354,1.032427264099482,-0.2667864630198439,0.0,0.0,0.29678018378551035,0.0,0.0,0.0,0.29678018378551035,0.10965944864346897,0.0,0.29678018378551035
2025-07-01,-0.016401394755881784,-0.013676228341569674,-0.00272516641431211,0.024719436002050045,0.28632639923575326,1.0154940169842515,-0.27881218768021165,0.0,0.0,0.3050199957861937,0.0,0.0,0.0,0.3050199957861937,0.08494001264141894,0.0,0.3050199957861937
2025-07-02,0.019362774988828397,0.02998131927797143,-0.010618544289143033,0.08494001264141887,0.3333333333333333,1.035156799137619,-0.26484799034557827,0.0,0.0,0.3333333333333333,0.0,0.0,0.0,0.3333333333333333,0.0,0.0,0.3333333333333333
2025-07-03,0.007119064510008916,0.006754090047184302,0.0003649744628246134,0.0,0.3333333333333333,1.042526147168654,-0.25961439576418577,0.0,0.0,0.3333333333333333,0.0,0.0,0.0,0.3333333333333333,0.0,0.0,0.3333333333333333
2025-07-04,-0.012964188996378218,-0.014605495398174795,0.0016413064017965773,0.0,0.3333333333333333,1.0290106411630935,-0.2692128946676966,0.0,0.0,0.3333333333333333,0.0,0.0,0.0,0.3333333333333333,0.0,0.0,0.3333333333333333
2025-07-05,0.0012498187036313088,0.001980659399927198,-0.0007308406962958894,0.0,0.3333333333333333,1.0302967179086548,-0.26829954327507965,0.0,0.0,0.3333333333333333,0.0,0.0,0.0,0.3333333333333333,0.0,0.0,0.3333333333333333
2025-07-06,0.013423618949959224,0.009295170747883663,0.004128448202075561,0.0,0.3333333333333333,1.0441270284552542,-0.2584774751584932,0.0,0.0,0.3333333333333333,0.0,0.0,0.0,0.3333333333333333,0.0,0.0,0.3333333333333333
2025-07-07,-0.001174911256002534,-0.00861599738617247,0.007441086130169935,0.0,0.3333333333333333,1.0429002718568257,-0.2593486983195089,0.0,0.0,0.3333333333333333,0.0,0.0,0.0,0.3333333333333333,0.0,0.0,0.3333333333333333
2025-07-08,0.006239701799827391,0.006096638424931022,0.00014306337489636885,0.0,0.3333333333333333,1.0494076585601713,-0.25472725505936855,0.0,0.0,0.3333333333333333,0.0,0.0,0.0,0.3333333333333333,0.0,0.0,0.3333333333333333
2025-07-09,0.019779673819624494,0.02121691859697572,-0.0014372447773512258,0.0,0.3333333333333333,1.0701645997503073,-0.23998600325778663,0.0,0.0,0.3333333333333333,0.0,0.0,0.0,0.3333333333333333,0.0,0.0,0.3333333333333333
2025-07-10,0.03356761687094253,0.04293660597808269,-0.009368989107140159,0.0,0.3333333333333333,1.1060874750235712,-0.21447414459859027,0.0,0.0,0.3333333333333333,0.0,0.0,0.0,0.3333333333333333,0.0,0.0,0.3333333333333333
2025-07-11,0.034277538329733084,0.013082148090681978,0.021195390239051107,0.0,0.3333333333333333,1.1440014308447293,-0.18754825198107217,0.0,0.0,0.3333333333333333,0.0,0.0,0.0,0.3333333333333333,0.0,0.0,0.3333333333333333
2025-07-12,0.0003413121139503366,-0.000916039679510372,0.0012573517934607087,0.0012536479580386173,0.3333356907831373,1.1443918923914531,-0.18727095235747315,0.0,0.0,0.3320796853752947,0.0,0.0,0.0,0.3339601573123526,0.0,0.0,0.3339601573123526
2025-07-13,0.015526924317903937,0.014193834099812674,0.0013330902180912624,0.036265780871975156,0.33544489464292904,1.162160778694638,-0.17465176994376552,0.0,0.0,0.29581390450331957,0.0,0.0,0.0,0.3520930477483402,0.0,0.0,0.3520930477483402
2025-07-14,0.013928249921874787,0.006336059191862198,0.007592190730012589,0.023329647775659934,0.33888724851897806,1.1783476444696974,-0.16315611352296533,0.0,0.0,0.27248425672765964,0.0,0.0,0.0,0.3637578716361702,0.0,0.0,0.3637578716361702
2025-07-15,-0.007101840676163362,-0.01738208852749945,0.010280247851336088,0.015871150430678105,0.34216232318809736,1.1699792072375412,-0.16909924547554667,0.0,0.0,0.25661310629698153,0.0,0.0,0.0,0.37169344685150923,0.0,0.0,0.37169344685150923
2025-07-16,0.03323365094269941,0.007407898684498093,0.025825752258201315,0.00377603381044303,0.3413146163214015,1.2088618878210897,-0.14148537983165543,0.0,0.0,0.2603891401074246,0.0,0.0,0.0,0.36980542994628773,0.0,0.0,0.36980542994628773
2025-07-17,0.06410552597640294,0.004612054428193568,0.05949347154820937,0.007580865474289877,0.3430597609513391,1.2863566149726882,-0.08644984854733184,0.0,0.0,0.25280827463313477,0.0,0.0,0.0,0.3735958626834327,0.0,0.0,0.3735958626834327
2025-07-18,0.005675988310019641,-0.010511374792368633,0.016187363102388275,0.1139958409674334,0.28099456719160903,1.2936579600817897,-0.08126454856706977,0.1139958409674333,0.0,0.23036433928391642,0.0,0.0,0.0,0.32781990987432513,0.0,0.0,0.32781990987432513
2025-07-19,-0.0025082824084012418,-0.0007194412983727583,-0.0017888411100284835,0.08304642260052322,0.266830701096854,1.2904131005780282,-0.08356899653787364,0.19704226356795657,0.0,0.17423117286662496,0.0,0.0,0.0,0.3143632817827093,0.0,0.0,0.3143632817827093
2025-07-20,0.011270858962916165,-0.004878479293957905,0.01614933825687407,0.051368272018905245,0.2559847195420458,1.3049571646385425,-0.07324003194860829,0.2108657327866352,0.0,0.21177597566685155,0.0,0.0,0.0,0.28867914577325665,0.0,0.0,0.28867914577325665
2025-07-21,0.017715136796239705,0.00098273041463659,0.016732406381603115,0.07452295417135558,0.2657520381772854,1.3280746593233472,-0.056822352337299264,0.28538868695799074,0.0,0.14131130155152974,0.0,0.0,0.0,0.28665000574523974,0.0,0.0,0.28665000574523974
2025-07-22,0.009226049177265527,0.02192922223104432,-0.012703173053778794,0.03634451617949312,0.2569782409442226,1.3403275414413447,-0.048120548977065525,0.27411472742299237,0.0,0.17765581773102285,0.0,0.0,0.0,0.27411472742299237,0.0,0.0,0.27411472742299237
2025-07-23,-0.05757621500587634,-0.009990711471907332,-0.04758550353396901,0.006273352099189847,0.2558204727990998,1.2631565547370203,-0.10292616490883744,0.27202361005659575,0.0,0.1839291698302127,0.0,0.0,0.0,0.27202361005659575,0.0,0.0,0.27202361005659575
2025-07-24,0.0006177452791552649,-0.0034945605691132364,0.004112305848268502,0.19961347368459187,0.20342254354410727,1.2639368637355433,-0.10237200178215611,0.1642293503924616,0.0,0.20563602060033198,0.0,0.17790662291447262,0.0,0.23749907707555049,0.0,0.0,0.21472892901718335
2025-07-25,0.007245026227005596,-0.0061405604262733116,0.013385586653278908,0.05034334353714963,0.20579239630498236,1.2730941194625864,-0.09586866339297329,0.14163694847006067,0.0,0.19353782632841898,0.0,0.22333332084686505,0.0,0.24241572268030767,0.0,0.0,0.19907618167434762
2025-07-26,0.006077472910019497,0.0025990034716014687,0.003478469438418028,0.06830043013587844,0.20536242431165025,1.2808313144855255,-0.0903738296876444,0.20756234759598438,0.0,0.19591255522394657,0.0,0.2119574030350601,0.0,0.24241602479473484,0.0,0.0,0.14215166935027415
2025-07-27,0.021510474516694838,0.01268283689644134,0.008827637620253497,0.05195782161270966,0.20319940260435745,1.308382603835951,-0.07080733913142179,0.20809506199843053,0.0,0.19822044827415386,0.0,0.16214659601377981,0.0,0.24026901020330543,0.0,0.0,0.19126888351033033
2025-07-28,-0.018418841253494873,-0.011332108758030257,-0.007086732495464616,0.0379888787868317,0.20231805318827267,1.2842837123570623,-0.08792199124587263,0.20199992533464436,0.0,0.17934679093465256,0.0,0.20013547480061153,0.0,0.23855075883639176,0.0,0.0,0.1799670500936998
2025-07-29,0.00477593770738994,-0.0009449246804570377,0.005720862387846978,0.04810795082331305,0.20629453986990137,1.290417371365895,-0.08356596349178269,0.16887949603605895,0.0,0.17436083179964837,0.0,0.2433970922301582,0.0,0.2433970922301582,0.0,0.0,0.1699654877039764
2025-07-30,-0.012687432405999592,-0.000936492482117024,-0.011750939923882568,0.04121325392657038,0.2103414326972453,1.2740452881911626,-0.09519315838453812,0.13957204819131921,0.0,0.16245502571781772,0.0,0.2512797860827684,0.0,0.2512797860827684,0.0,0.0,0.19541335392532638
2025-07-31,-0.01705830104229253,-0.017618930026484958,0.0005606289841924295,0.03208326029699003,0.2174974127073642,1.2523122401236833,-0.1106276258739406,0.12230949854980327,0.0,0.15183286548331926,0.0,0.2673214162312634,0.0,0.2673214162312634,0.0,0.0,0.19121480350435066
2025-08-01,-0.02523428545405835,-0.021303240176054672,-0.003931045278003677,0.0728986057649146,0.208333881904832,1.220711035578791,-0.1330703022375912,0.17447284278304082,0.0,0.17256812701499633,0.0,0.24926221811517857,0.0,0.24926221811517857,0.0,0.0,0.1544345939716057
2025-08-02,-0.023724218205666163,-0.00663366047376146,-0.017090557731904703,0.06624726585852975,0.20680330183355883,1.1917506206046549,-0.1536375315562789,0.16351520720979634,0.0,0.15226357560523718,0.0,0.21427713923965244,0.0,0.25145645267074385,0.0,0.0,0.21848762527457016
2025-08-03,0.02334983999517473,0.014771247579330682,0.00857859241584405,0.15689104121064112,0.23790132935081787,1.219577806909924,-0.1338751033401968,0.19809447260467042,0.0,0.15665863138143396,0.0,0.2918251559749833,0.0,0.2918251559749833,0.0,0.0,0.06159658406392908
2025-08-04,0.0313012536586948,0.00740949909288946,0.02389175456580534,0.21825521544536297,0.3333333333333333,1.257752121200526,-0.1067643082497376,0.3333333333333333,0.0,0.0,0.0,0.3333333333333333,0.0,0.3333333333333333,0.0,0.0,0.0
2025-08-05,-0.018486699251026112,-0.008042064740672372,-0.01044463451035374,0.11515264048161306,0.2742450804921081,1.2345004360035519,-0.12327728784340686,0.2949491198394623,0.0,0.0,0.0,0.2949491198394623,0.0,0.2949491198394623,0.0,0.0,0.11515264048161312
2025-08-06,0.013264410279200785,0.007557363439418818,0.0057070468397819665,0.11515264048161306,0.3335559304653815,1.250875356276555,-0.11164807808826827,0.3211514579427314,0.0,0.0,0.0,0.33942427102863426,0.0,0.33942427102863426,0.0,0.0,0.0
2025-08-07,0.033186783740805005,0.021564406024856986,0.01162237771594802,0.012181875390601893,0.3333333333333333,1.2923878862120077,-0.082166534970055,0.3333333333333333,0.0,0.0,0.0,0.3333333333333333,0.0,0.3333333333333333,0.0,0.0,0.0
2025-08-08,0.005802982583594844,-0.006786893320374743,0.012589875903969587,0.09030717997041748,0.28400239569200086,1.299887590606945,-0.07684036335784572,0.30323094000986084,0.0,0.0,0.0,0.30323094000986084,0.0,0.30323094000986084,0.0,0.0,0.09030717997041754
2025-08-09,0.016781513932223116,-0.0018212168289383213,0.018602730761161437,0.1077133420548019,0.2806317497506182,1.3217016723190393,-0.06134834705386938,0.28582477792547645,0.0,0.09920469504976794,0.0,0.3074852635123778,0.0,0.3074852635123778,0.0,0.0,0.0
2025-08-10,0.002535263951543822,0.024314831629991707,-0.021779567678447884,0.08206514185419259,0.2571100492343267,1.3250525349235651,-0.05896861735509795,0.24964918390228324,0.0,0.18126983690396048,0.0,0.2845404895968781,0.0,0.2845404895968781,0.0,0.0,0.0
2025-08-11,-0.004070720699776556,-0.005096735368355865,0.0010260146685793087,0.1451380205182946,0.22446983921693708,1.3196586161413604,-0.06279929328356981,0.1445288313569562,0.0,0.23516300663074577,0.0,0.2645316556103944,0.09124485079150939,0.2645316556103944,0.0,0.0,0.0
2025-08-12,0.03902112327523747,0.012200933555769122,0.026820189719468347,0.19335084317226597,0.30745103703826776,1.3711531776830417,-0.02622866897314835,0.0,0.0,0.3191923870079335,0.0,0.3191923870079335,0.042422838976199646,0.3191923870079335,0.0,0.0,0.0
2025-08-13,0.021014398163974064,0.02640674486373884,-0.005392346699764777,0.04242283897619953,0.3333333333333333,1.3999671365026713,-0.005765450502287162,0.0,0.0,0.3333333333333333,0.0,0.3333333333333333,0.0,0.3333333333333333,0.0,0.0,0.0
2025-08-14,-0.016730845779954893,-0.0406413517932519,0.023910506013297007,0.0,0.3333333333333333,1.3765445022448402,-0.02239983541903623,0.0,0.0,0.3333333333333333,0.0,0.3333333333333333,0.0,0.3333333333333333,0.0,0.0,0.0
2025-08-15,-0.008113358523250565,-0.008056462867562786,-5.689565568777963e-05,0.1877578741853298,0.25516544296790566,1.3653761031749183,-0.030331456046670313,0.18775787418532985,0.0,0.27074737527155673,0.0,0.27074737527155673,0.0,0.27074737527155673,0.0,0.0,0.0
2025-08-16,-0.005507241333008255,0.00032903805583761603,-0.005836279388845871,0.04727397121422093,0.2507389626728318,1.3578566474644116,-0.035671654731248115,0.23503184539955077,0.0,0.2635551611173109,0.0,0.23785783236582742,0.0,0.2635551611173109,0.0,0.0,0.0
2025-08-17,0.015536159476716953,0.0002074447357851561,0.015328714740931797,0.1049960084843207,0.2707614023664772,1.378952524885939,-0.02068969577123425,0.14326932395922826,0.0,0.31605316535947126,0.0,0.2246243453218292,0.0,0.31605316535947126,0.0,0.0,0.0
2025-08-18,-0.015922202058321355,-0.010033302667407429,-0.005888899390913926,0.05574462326145346,0.26034954590820736,1.3569965641558726,-0.03628247231296078,0.19901394722068172,0.0,0.30086628849552516,0.0,0.19925347578826794,0.0,0.30086628849552516,0.0,0.0,0.0
2025-08-19,-0.02142560010167661,-0.028858256318128994,0.007432656216452383,0.1705613254227235,0.32986404729838953,1.3279220984329196,-0.05693069867215983,0.06037371630537639,0.0,0.3861469512068869,0.0,0.16733238128084973,0.0,0.3861469512068869,0.0,0.0,0.0
2025-08-20,0.028088712711526808,0.012388265956393196,0.015700446755133612,0.22770609758622612,0.5,1.3652217207590898,-0.03044109600010181,0.0,0.0,0.5,0.0,0.0,0.0,0.5,0.0,0.0,0.0
2025-08-21,-0.013852735955468105,-0.01550031311465605,0.0016475771591879448,0.0,0.5,1.3463096647407442,-0.04387213949048541,0.0,0.0,0.5,0.0,0.0,0.0,0.5,0.0,0.0,0.0
2025-08-22,0.04207390321801803,0.03943102222222228,0.0026428809957957516,0.0,0.5,1.4029541672765284,-0.003644108423357606,0.0,0.0,0.5,0.0,0.0,0.0,0.5,0.0,0.0,0.0
2025-08-23,-0.013128141260686161,-0.012809914210329953,-0.00031822705035620784,0.0,0.5,1.384535986786254,-0.01672440931389263,0.0,0.0,0.5,0.0,0.0,0.0,0.5,0.0,0.0,0.0
2025-08-24,-0.002784487903662772,-0.01684418612407268,0.014059698220409908,0.0,0.5,1.3806807630788618,-0.01946232830212491,0.0,0.0,0.5,0.0,0.0,0.0,0.5,0.0,0.0,0.0
2025-08-25,-0.03750866500300767,-0.029795603434519924,-0.007713061568487743,0.0,0.5,1.3288932708604397,-0.05624098735266969,0.0,0.0,0.5,0.0,0.0,0.0,0.5,0.0,0.0,0.0
2025-08-26,0.022063926869188507,0.01499600679235824,0.007067920076830266,0.0,0.5,1.3582138748056611,-0.03541795751548149,0.0,0.0,0.5,0.0,0.0,0.0,0.5,0.0,0.0,0.0
2025-08-27,-0.010825925880760928,-0.004484570147495814,-0.0063413557332651135,0.0,0.5,1.343509952066794,-0.04586045121333193,0.0,0.0,0.5,0.0,0.0,0.0,0.5,0.0,0.0,0.0
2025-08-28,0.007534281814443232,0.011728082208833035,-0.004193800394389803,0.13609262712459538,0.3916891776119159,1.3536323346661743,-0.03867169496246736,0.1360926271245954,0.0,0.4319536864377023,0.0,0.0,0.0,0.4319536864377023,0.0,0.0,0.0
2025-08-29,-0.01568881734871115,-0.03721786777462999,0.021529050425918836,0.10785585842990145,0.3453178098520021,1.3323954442102872,-0.05375379915234735,0.24394848555449689,0.0,0.3780257572227516,0.0,0.0,0.0,0.3780257572227516,0.0,0.0,0.0
2025-08-30,-0.0007794006545598705,0.004050014117334522,-0.004829414771894392,0.03371813887960512,0.337981507052841,1.331356974328937,-0.054491304060662826,0.27766662443410195,0.0,0.361166687782949,0.0,0.0,0.0,0.361166687782949,0.0,0.0,0.0
2025-08-31,-0.0026530776452295406,-0.005238000583184466,0.002584922937954925,0.007724051705675916,0.3367810809015015,1.3278247809025245,-0.056999812045229636,0.28539067613977787,0.0,0.35730466193011107,0.0,0.0,0.0,0.35730466193011107,0.0,0.0,0.0
2025-09-01,-0.009273546218178197,0.009155689776144893,-0.01842923599432309,0.031188312100760562,0.3427258987855203,1.3155111364271825,-0.06574476787197903,0.2542023640390173,0.0,0.37289881798049135,0.0,0.0,0.0,0.37289881798049135,0.0,0.0,0.0
2025-09-02,0.010061911340689766,0.018332454208457083,-0.008270542867767317,0.01846925583261866,0.3476220392505759,1.3287476928496027,-0.05634437455673147,0.2357331082063987,0.0,0.3821334458968007,0.0,0.0,0.0,0.3821334458968007,0.0,0.0,0.0
2025-09-03,0.0034619926596627256,0.004186443348935365,-0.0007244506892726391,0.0025726629542767027,0.3468786896920508,1.3333478076087917,-0.0530774457081975,0.23830577116067528,0.0,0.3808471144196623,0.0,0.0,0.0,0.3808471144196623,0.0,0.0,0.0
2025-09-04,-0.011746689566253956,-0.008726859173089796,-0.0030198303931641603,0.23830577116067533,0.5,1.317685384828966,-0.06420065099674743,0.0,0.0,0.5,0.0,0.0,0.0,0.5,0.0,0.0,0.0
2025-09-05,0.0017847468306789395,-0.0006401105671796081,0.0024248573978585476,0.13310017258849405,0.3934733113261363,1.3200371196433713,-0.06253048607446254,0.13310017258849402,0.0,0.433449913705753,0.0,0.0,0.0,0.433449913705753,0.0,0.0,0.0
2025-09-06,-0.013632451998030974,-0.004265498307021387,-0.009366953691009587,0.08893746435500066,0.3519134313856821,1.302041776974214,-0.07531049422266989,0.22203763694349474,0.0,0.3889811815282527,0.0,0.0,0.0,0.3889811815282527,0.0,0.0,0.0
2025-09-07,0.025731427993833857,0.008615913334277803,0.017115514659556054,0.22203763694349474,0.3607986844996322,1.3355451712033897,-0.05151691278810655,0.0,0.0,0.40099099016326256,0.0,0.0,0.0,0.40099099016326256,0.0,0.0,0.19801801967347496
2025-09-08,0.005154731476079815,0.008349039125823854,-0.0031943076497440385,0.04306552542612002,0.3460983684770877,1.3424295479351183,-0.046627737163925986,0.0,0.0,0.3794582274502025,0.0,0.0,0.0,0.3794582274502025,0.0,0.0,0.24108354509959493
2025-09-09,0.002335156258262892,-0.0046298035528057335,0.006964959811068625,0.01718581177471666,0.3417852341760942,1.345564330695256,-0.044401463957910114,0.0,0.0,0.3708653215628442,0.0,0.0,0.0,0.3708653215628442,0.0,0.0,0.2582693568743116
2025-09-10,0.009537685868708236,0.02163772399985331,-0.012100038131145073,0.030372974569401717,0.33632926180818035,1.358397900597566,-0.03528726530454318,0.0,0.0,0.35567883427814334,0.0,0.0,0.0,0.35567883427814334,0.0,0.0,0.2886423314437133
2025-09-11,0.01186234007226692,0.013361618111618068,-0.001499278039351147,0.2053914069995119,0.2579040412446466,1.3745116784479077,-0.023843514773539076,0.20539140699951192,0.0,0.29445219996547917,0.0,0.0,0.0,0.29445219996547917,0.0,0.0,0.2057041930695298
2025-09-12,0.016662311606320507,0.004734302604139096,0.011928009002181411,0.07867827657196605,0.27709736694543924,1.3974142203407334,-0.007578491240165186,0.12671313042754584,0.0,0.32483769386462924,0.0,0.0,0.0,0.32483769386462924,0.0,0.0,0.22361148184319568
2025-09-13,0.0024389623582939924,-0.0009577743299932218,0.003396736688287214,0.007714728294183432,0.27885621398058413,1.400822461023089,-0.005158012536738754,0.11899840213336235,0.0,0.32522223706883824,0.0,0.0,0.0,0.32522223706883824,0.0,0.0,0.23055712372896106
2025-09-14,-0.010483295650151069,-0.005609813602322822,-0.004873482047828247,0.11899840213336238,0.3333333333333333,1.3861372250108117,-0.015587235216499962,0.0,0.0,0.3333333333333333,0.0,0.0,0.0,0.3333333333333333,0.0,0.0,0.3333333333333333
2025-09-15,-0.00733764482582169,0.000708782948538822,-0.008046427774360512,0.0,0.3333333333333333,1.3759662423738324,-0.02281050644648641,0.0,0.0,0.3333333333333333,0.0,0.0,0.0,0.3333333333333333,0.0,0.0,0.3333333333333333
2025-09-16,0.01287391750446293,0.012477274541912609,0.00039664296255032157,0.007601262978178869,0.3334200021316285,1.393680318267079,-0.010230249520250534,0.0,0.0,0.33713396482242275,0.0,0.0,0.0,0.33713396482242275,0.0,0.0,0.32573207035515445
2025-09-17,0.015282709589702759,-0.0029229646363835293,0.018205674226086287,0.007601262978178869,0.3333333333333333,1.4149795298320393,0.0,0.0,0.0,0.3333333333333333,0.0,0.0,0.0,0.3333333333333333,0.0,0.0,0.3333333333333333
2025-09-18,0.002442190058727394,0.005375293726559649,-0.002933103667832255,0.007548942245080931,0.33341881312686267,1.418435178773098,0.0,0.0,0.0,0.3371078044558738,0.0,0.0,0.0,0.3371078044558738,0.0,0.0,0.3257843910882524
2025-09-19,-0.012246365957075012,-0.01230978514101344,6.341918393842905e-05,0.007548942245080931,0.3333333333333333,1.4010645024874535,-0.012246365957075067,0.0,0.0,0.3333333333333333,0.0,0.0,0.0,0.3333333333333333,0.0,0.0,0.3333333333333333
2025-09-20,0.01816398311588573,0.0004605111474831336,0.017703471968402596,0.0,0.3333333333333333,1.4265134144549025,0.0,0.0,0.0,0.3333333333333333,0.0,0.0,0.0,0.3333333333333333,0.0,0.0,0.3333333333333333
2025-09-21,-0.002699870191114917,-0.003918723526854739,0.0012188533357398224,0.0,0.3333333333333333,1.42266201340999,-0.0026998701911149503,0.0,0.0,0.3333333333333333,0.0,0.0,0.0,0.3333333333333333,0.0,0.0,0.3333333333333333
2025-09-22,-0.030770456572612362,-0.022400839209218093,-0.008369617363394269,0.0,0.3333333333333333,1.3788860537088528,-0.033387250525259926,0.0,0.0,0.3333333333333333,0.0,0.0,0.0,0.3333333333333333,0.0,0.0,0.3333333333333333
2025-09-23,0.0005952771374346771,-0.005789474198140687,0.0063847513355753645,0.0,0.3333333333333333,1.3797068730517532,-0.032811848054744686,0.0,0.0,0.3333333333333333,0.0,0.0,0.0,0.3333333333333333,0.0,0.0,0.3333333333333333
2025-09-24,0.013401580054561818,0.011680482290881589,0.0017210977636802297,0.0,0.3333333333333333,1.3981971251627854,-0.019849998608626684,0.0,0.0,0.3333333333333333,0.0,0.0,0.0,0.3333333333333333,0.0,0.0,0.3333333333333333
2025-09-25,-0.04539880326401635,-0.03806040226993912,-0.007338400994077232,0.0,0.3333333333333333,1.3347206489532069,-0.06434763569101898,0.0,0.0,0.3333333333333333,0.0,0.0,0.0,0.3333333333333333,0.0,0.0,0.3333333333333333
2025-09-26,0.014143549298910896,0.0059541541962351285,0.008189395102675768,0.0,0.3333333333333333,1.3535983362519508,-0.05111419034977249,0.0,0.0,0.3333333333333333,0.0,0.0,0.0,0.3333333333333333,0.0,0.0,0.3333333333333333
2025-09-27,0.003022724355351121,-6.940678449951498e-05,0.003092131139850636,0.0,0.3333333333333333,1.3576898909103023,-0.04824597010249565,0.0,0.0,0.3333333333333333,0.0,0.0,0.0,0.3333333333333333,0.0,0.0,0.3333333333333333
2025-09-28,0.012904313913798126,0.02305906325348861,-0.010154749339690483,0.0,0.3333333333333333,1.375209947460199,-0.03596423733197596,0.0,0.0,0.3333333333333333,0.0,0.0,0.0,0.3333333333333333,0.0,0.0,0.3333333333333333
2025-09-29,0.01261140678288572,0.01915062727373651,-0.006539220490850789,0.052714138767479025,0.3018956147230101,1.3925532795194906,-0.02380639017571995,0.0,0.0,0.31576195374417365,0.0,0.0,0.0,0.31576195374417365,0.05271413876747906,0.0,0.31576195374417365
2025-09-30,-0.012724373644387587,-0.002300984079006363,-0.010423389565381224,0.05141837355610955,0.27838001512350524,1.3748339112711672,-0.03622784241638766,0.0,0.0,0.2960084514989197,0.0,0.0,0.0,0.29992951808874585,0.1041325123235886,0.0,0.29992951808874585
2025-10-01,0.029368307749414325,0.03986061070454605,-0.010492302955131726,0.03247688856719743,0.27864816570847806,1.4152104566817096,-0.007923485092155236,0.0,0.0,0.2635315629317223,0.0,0.0,0.0,0.3142935827214056,0.10788127162546654,0.0,0.3142935827214056
2025-10-02,0.027914124229459065,0.01631063841735636,0.011603485812102705,0.10788127162546647,0.3333333333333333,1.4547148171803526,0.0,0.0,0.0,0.3333333333333333,0.0,0.0,0.0,0.3333333333333333,0.0,0.0,0.3333333333333333
2025-10-03,0.025976771580409543,0.014126434764644369,0.011850336815765174,0.0,0.3333333333333333,1.4925036117008839,0.0,0.0,0.0,0.3333333333333333,0.0,0.0,0.0,0.3333333333333333,0.0,0.0,0.3333333333333333
2025-10-04,-0.012714274701044205,0.0013008050265068682,-0.014015079727551073,0.33333333333333337,0.5,1.4735275107894181,-0.012714274701044248,0.0,0.0,0.0,0.0,0.0,0.0,0.5,0.0,0.0,0.5
2025-10-05,0.0013468887668524419,0.008916587003946264,-0.007569698237093822,0.0,0.5,1.4755121884413485,-0.011384510647965307,0.0,0.0,0.0,0.0,0.0,0.0,0.5,0.0,0.0,0.5
2025-10-06,0.009006478134549117,0.009525493975614863,-0.000519015841065746,0.0,0.5,1.4888013567038063,-0.002480566859639599,0.0,0.0,0.0,0.0,0.0,0.0,0.5,0.0,0.0,0.5
2025-10-07,-0.031466829852395975,-0.02667759465175834,-0.004789235200637634,0.0,0.5,1.4419534977283912,-0.033869341136725795,0.0,0.0,0.0,0.0,0.0,0.0,0.5,0.0,0.0,0.5
2025-10-08,0.009620081554248766,0.016261452474369165,-0.006641370920120399,0.0,0.5,1.4558252079739729,-0.024575085406400854,0.0,0.0,0.0,0.0,0.0,0.0,0.5,0.0,0.0,0.5
2025-10-09,-0.01851310790125976,-0.013329440578722873,-0.0051836673225368855,0.0,0.5,1.4288733588133768,-0.04263323209984926,0.0,0.0,0.0,0.0,0.0,0.0,0.5,0.0,0.0,0.5
2025-10-10,-0.08871470471563823,-0.07305379476321361,-0.015660909952424626,0.0,0.5,1.302111280710206,-0.127565742218676,0.0,0.0,0.0,0.0,0.0,0.0,0.5,0.0,0.0,0.5
2025-10-11,0.003403143009461976,-0.01888813517240162,0.0222912781818636,0.33333333333333337,0.3333333333333333,1.3065425516126963,-0.12459672367309249,0.0,0.0,0.3333333333333333,0.0,0.0,0.0,0.3333333333333333,0.0,0.0,0.3333333333333333
2025-10-12,0.0593988821275811,0.03899338782622541,0.020405494301355687,0.0,0.3333333333333333,1.3841497186306078,-0.07259874764845231,0.0,0.0,0.3333333333333333,0.0,0.0,0.0,0.3333333333333333,0.0,0.0,0.3333333333333333
2025-10-13,0.006537657863901768,0.0018023848543999854,0.004735273009501783,0.05360828588209357,0.33764410580615783,1.3931988159234305,-0.06653571555802384,0.0,0.0,0.2797250474512398,0.0,0.0,0.0,0.36013747627438014,0.0,0.0,0.36013747627438014
2025-10-14,-0.02844502700011701,-0.018563291249153346,-0.009881735750963662,0.009487199839059046,0.3362533386837586,1.3535692379879576,-0.0930881323326207,0.0,0.0,0.2892122472902988,0.0,0.0,0.0,0.3553938763548506,0.0,0.0,0.3553938763548506
2025-10-15,-0.015366140405065313,-0.020038018850880857,0.004671878445815543,0.11611134957853829,0.29343227479288453,1.3327701030290573,-0.10702386742621772,0.0,0.0,0.1805222502163155,0.0,0.0,0.0,0.35168320010257315,0.11611134957853836,0.0,0.35168320010257315
2025-10-16,-0.01635989993417018,-0.023193607123227156,0.006833707189056976,0.04343672669628921,0.31119615763200714,1.3109661175082483,-0.12163286759872705,0.0,0.0,0.1385226594522863,0.0,0.0,0.0,0.37340156345071773,0.11467421364627829,0.0,0.37340156345071773
2025-10-17,-0.01648140811147807,-0.016291064555353674,-0.0001903435561243956,0.15489614845030197,0.4161938240512978,1.289359549905275,-0.1361095947795411,0.0,0.0,0.09830072464826259,0.0,0.0,0.0,0.4508496376758687,0.0,0.0,0.4508496376758687
2025-10-18,0.014422812314752979,0.007078061719969053,0.007344750594783926,0.1895372713779615,0.36434929448414305,1.307955740699793,-0.12364986560453062,0.0,0.0,0.0,0.0,0.0,0.0,0.40523136431101925,0.1895372713779615,0.0,0.40523136431101925
2025-10-19,0.011973872243042655,0.01360050253295686,-0.0016266302899142042,0.015945509638247826,0.35785197892502385,1.3236170356384866,-0.11315656105510596,0.0,0.0,0.0,0.0,0.0,0.0,0.39725860949189534,0.20548278101620934,0.0,0.39725860949189534
2025-10-20,0.01720144309129548,0.017390110967337113,-0.00018866787604163507,0.06266502311686727,0.3877776100577506,1.3463851587516913,-0.09790157410920663,0.0,0.0,0.0,0.0,0.0,0.0,0.428591121050329,0.1428177578993421,0.0,0.428591121050329
2025-10-21,-0.013390059755835414,-0.0202151248565009,0.006825065100665485,0.044708901823996464,0.3652227124371507,1.3283569810216362,-0.10998072593752939,0.0,0.0,0.0,0.0,0.0,0.0,0.40623667013833076,0.18752665972333857,0.0,0.40623667013833076
2025-10-22,-0.008858934122358823,-0.006742804346575482,-0.0021161297757833417,0.007771177157464573,0.3687125677028614,1.3165891540357901,-0.11786534805407833,0.0,0.0,0.0,0.0,0.0,0.0,0.41012225871706304,0.17975548256587398,0.0,0.41012225871706304
2025-10-23,-0.005464361884233488,0.02334107793213258,-0.028805439816366067,0.17975548256587395,0.5,1.3093948344452817,-0.12268565102293327,0.0,0.0,0.0,0.0,0.0,0.0,0.5,0.0,0.0,0.5
2025-10-24,0.005815469133957068,0.008418652997351561,-0.0026031838633944933,0.0,0.5,1.3170095796891612,-0.11758365650567937,0.0,0.0,0.0,0.0,0.0,0.0,0.5,0.0,0.0,0.5
2025-10-25,0.004676704937290682,0.005777943656356088,-0.0011012387190654062,0.0,0.5,1.3231688448929526,-0.1134568556353136,0.0,0.0,0.0,0.0,0.0,0.0,0.5,0.0,0.0,0.5
2025-10-26,0.016809483271645175,0.026092497313165763,-0.009283014041520588,0.27539355193564996,0.30750532885299386,1.3454106294567427,-0.09855452348052363,0.0,0.0,0.0,0.0,0.19709910058946858,0.0,0.362303224032175,0.07829445134618147,0.0,0.362303224032175
2025-10-27,-0.004960653398246775,-0.0039433691168074825,-0.0010172842814392923,0.07829445134618152,0.35304550304949234,1.3387365136456908,-0.10302628204695419,0.0,0.0,0.0,0.0,0.21869718511890995,0.0,0.3906514074405451,0.0,0.0,0.3906514074405451
2025-10-28,-0.012072628075046981,-0.010597010805147522,-0.001475617269899459,0.0016574636075347843,0.3524796080965876,1.3225744456259614,-0.11385511213689337,0.0,0.0,0.0,0.0,0.2203546487264447,0.0,0.3898226756367777,0.0,0.0,0.3898226756367777
2025-10-29,-0.007141800937538538,-0.02548449513700146,0.018342694199462925,0.22035464872644464,0.5,1.3131288822102254,-0.12018378252782902,0.0,0.0,0.0,0.0,0.0,0.0,0.5,0.0,0.0,0.5
2025-10-30,-0.021200396572444057,-0.015437103127948992,-0.005763293444495065,0.0,0.5,1.2852900291566385,-0.1388362352491067,0.0,0.0,0.0,0.0,0.0,0.0,0.5,0.0,0.0,0.5
2025-10-31,0.015680134083143945,0.011863883235009975,0.0038162508481339695,0.0,0.5,1.3054435491495424,-0.12533307195026777,0.0,0.0,0.0,0.0,0.0,0.0,0.5,0.0,0.0,0.5
